"text","label"
"دوره‌ای که ارائه شد بسیار مفید و کاربردی بود.","1"
"مدرس دوره بسیار با انرژی و دانشمند بود.","1"
"محتوای دوره بسیار جامع و به‌روز بود.","1"
"دوره خوبی بود ولی انتظار داشتم مثال‌های بیشتری ارائه شود.","0"
"متاسفانه، این دوره نتوانست نیازهای یادگیری من را برآورده کند.","-1"
"دوره خیلی سریع پیش رفت و مطالب به خوبی توضیح داده نشدند.","-1"
"دوره مفیدی بود اما برخی از ویدیوها کیفیت پایینی داشتند.","0"
"به نظر می‌رسد که این دوره برای مبتدیان طراحی شده است، نه حرفه‌ای‌ها.","-1"
"دوره عالی بود و من توانستم بلافاصله مطالب یاد گرفته شده را در کار خود به کار ببرم.","1"
"مدرس بسیار مسلط بود و توانست مطالب را به زبان ساده توضیح دهد.","1"
"دوره خوبی بود اما انتظار داشتم که تمرین‌های بیشتری داشته باشد.","0"
"محتوای دوره بسیار قدیمی بود و به‌روزرسانی نشده بود.","-1"
"دوره بسیار کاربردی بود و من توانستم مهارت‌های جدیدی یاد بگیرم.","1"
"دوره به خوبی سازماندهی شده بود و مطالب به ترتیب منطقی ارائه شدند.","1"
"مدرس دوره بسیار خوب بود ولی محتوای دوره کافی نبود.","0"
"دوره بسیار سطحی بود و اطلاعات عمیقی ارائه نکرد.","-1"
"من از شرکت در این دوره بسیار راضی بودم و به دیگران هم توصیه می‌کنم.","1"
"دوره بسیار طولانی بود و می‌توانست در زمان کمتری تکمیل شود.","0"
"مدرس دوره بسیار خشک و بی‌روح تدریس می‌کرد و جذابیتی نداشت.","-1"
"دوره فوق‌العاده‌ای بود و من توانستم بسیاری از مفاهیم را به خوبی درک کنم.","1"
"محتوای دوره بسیار متنوع و جذاب بود.","1"
"دوره ارزشمندی بود ولی برخی از مباحث نیاز به توضیح بیشتر داشتند.","0"
"مدرس دوره نتوانست اطلاعات را به خوبی منتقل کند.","-1"
"دوره بسیار مفید بود و من توانستم از مطالب آن در پروژه‌های شخصی‌ام استفاده کنم.","1"
"دوره خوبی بود اما برخی از قسمت‌ها خیلی پیچیده توضیح داده شده بودند.","0"
"متاسفانه، دوره نتوانست انتظارات من را برآورده کند و مطالب جدیدی یاد نگرفتم.","-1"
"دوره بسیار عالی بود و من به همه توصیه می‌کنم که در آن شرکت کنند.","1"
"دوره خوبی بود ولی برخی از مباحث به اندازه کافی پوشش داده نشده بودند.","0"
"مدرس دوره بسیار با تجربه بود ولی سبک تدریس او برای من جذاب نبود.","0"
"دوره بسیار کامل و جامع بود و من توانستم بسیاری از مهارت‌های جدید را یاد بگیرم.","1"
"دوره ارزشمندی بود ولی برخی از ویدیوها کیفیت پایینی داشتند.","0"
"مدرس دوره نتوانست مطالب را به خوبی ارائه دهد و من نتوانستم اطلاعات زیادی کسب کنم.","-1"
"دوره بسیار مفید و کاربردی بود و من توانستم مهارت‌های جدیدی کسب کنم.","1"
"دوره خوبی بود ولی برخی از مباحث نیاز به توضیحات بیشتر داشتند.","0"
"متاسفانه، دوره نتوانست به خوبی مطالب را توضیح دهد و من نتوانستم اطلاعات مفیدی کسب کنم.","-1"
"دوره بسیار عالی بود و من توانستم بسیاری از مفاهیم را به خوبی درک کنم.","1"
"دوره خوبی بود ولی برخی از مباحث به اندازه کافی پوشش داده نشده بودند.","0"
"مدرس دوره بسیار با تجربه بود ولی سبک تدریس او برای من جذاب نبود.","0"
"دوره بسیار کامل و جامع بود و من توانستم بسیاری از مهارت‌های جدید را یاد بگیرم.","1"
"دوره ارزشمندی بود ولی برخی از ویدیوها کیفیت پایینی داشتند.","0"
"مدرس دوره نتوانست مطالب را به خوبی ارائه دهد و من نتوانستم اطلاعات زیادی کسب کنم.","-1"
"دوره بسیار مفید و کاربردی بود و من توانستم مهارت‌های جدیدی کسب کنم.","1"
"دوره‌ای که ارائه شد بسیار مفید و کاربردی بود.","1"
"مدرس دوره بسیار با انرژی و دانشمند بود.","1"
"محتوای دوره بسیار جامع و به‌روز بود.","1"
"دوره خوبی بود ولی انتظار داشتم مثال‌های بیشتری ارائه شود.","0"
"متاسفانه، این دوره نتوانست نیازهای یادگیری من را برآورده کند.","-1"
"دوره خیلی سریع پیش رفت و مطالب به خوبی توضیح داده نشدند.","-1"
"دوره مفیدی بود اما برخی از ویدیوها کیفیت پایینی داشتند.","0"
"به نظر می‌رسد که این دوره برای مبتدیان طراحی شده است، نه حرفه‌ای‌ها.","-1"
"دوره عالی بود و من توانستم بلافاصله مطالب یاد گرفته شده را در کار خود به کار ببرم.","1"
"مدرس بسیار مسلط بود و توانست مطالب را به زبان ساده توضیح دهد.","1"
"دوره خوبی بود اما انتظار داشتم که تمرین‌های بیشتری داشته باشد.","0"
"محتوای دوره بسیار قدیمی بود و به‌روزرسانی نشده بود.","-1"
"دوره بسیار کاربردی بود و من توانستم مهارت‌های جدیدی یاد بگیرم.","1"
"دوره به خوبی سازماندهی شده بود و مطالب به ترتیب منطقی ارائه شدند.","1"
"مدرس دوره بسیار خوب بود ولی محتوای دوره کافی نبود.","0"
"دوره بسیار سطحی بود و اطلاعات عمیقی ارائه نکرد.","-1"
"من از شرکت در این دوره بسیار راضی بودم و به دیگران هم توصیه می‌کنم.","1"
"دوره بسیار طولانی بود و می‌توانست در زمان کمتری تکمیل شود.","0"
"مدرس دوره بسیار خشک و بی‌روح تدریس می‌کرد و جذابیتی نداشت.","-1"
"دوره فوق‌العاده‌ای بود و من توانستم بسیاری از مفاهیم را به خوبی درک کنم.","1"
"محتوای دوره بسیار متنوع و جذاب بود.","1"
"دوره ارزشمندی بود ولی برخی از مباحث نیاز به توضیح بیشتر داشتند.","0"
"مدرس دوره نتوانست اطلاعات را به خوبی منتقل کند.","-1"
"دوره بسیار مفید بود و من توانستم از مطالب آن در پروژه‌های شخصی‌ام استفاده کنم.","1"
"دوره خوبی بود اما برخی از قسمت‌ها خیلی پیچیده توضیح داده شده بودند.","0"
"متاسفانه، دوره نتوانست انتظارات من را برآورده کند و مطالب جدیدی یاد نگرفتم.","-1"
"دوره بسیار عالی بود و من به همه توصیه می‌کنم که در آن شرکت کنند.","1"
"دوره خوبی بود ولی برخی از مباحث به اندازه کافی پوشش داده نشده بودند.","0"
"مدرس دوره بسیار با تجربه بود ولی سبک تدریس او برای من جذاب نبود.","-1"
"دوره بسیار کامل و جامع بود و من توانستم بسیاری از مهارت‌های جدید را یاد بگیرم.","1"
"دوره ارزشمندی بود ولی برخی از ویدیوها کیفیت پایینی داشتند.","0"
"مدرس دوره نتوانست مطالب را به خوبی ارائه دهد و من نتوانستم اطلاعات زیادی کسب کنم.","-1"
"دوره بسیار مفید و کاربردی بود و من توانستم مهارت‌های جدیدی کسب کنم.","1"
"دوره خوبی بود ولی برخی از مباحث نیاز به توضیحات بیشتر داشتند.","0"
"متاسفانه، دوره نتوانست به خوبی مطالب را توضیح دهد و من نتوانستم اطلاعات مفیدی کسب کنم.","-1"
"دوره بسیار عالی بود و من توانستم بسیاری از مفاهیم را به خوبی درک کنم.","1"
"دوره خوبی بود ولی برخی از مباحث به اندازه کافی پوشش داده نشده بودند.","0"
"مدرس دوره بسیار با تجربه بود ولی سبک تدریس او برای من جذاب نبود.","-1"
"دوره بسیار کامل و جامع بود و من توانستم بسیاری از مهارت‌های جدید را یاد بگیرم.","1"
"دوره ارزشمندی بود ولی برخی از ویدیوها کیفیت پایینی داشتند.","0"
"مدرس دوره نتوانست مطالب را به خوبی ارائه دهد و من نتوانستم اطلاعات زیادی کسب کنم.","-1"
"دوره بسیار مفید و کاربردی بود و من توانستم مهارت‌های جدیدی کسب کنم.","1"
"دوره فوق‌العاده‌ای بود، مطالب به خوبی توضیح داده شده بودند.","1"
"متاسفانه این دوره انتظارات من را برآورده نکرد.","-1"
"دوره خوبی بود، اما برخی از قسمت‌ها نیاز به بهبود دارند.","0"
"مدرس بسیار دانشمند و با تجربه بود و مطالب را به زیبایی ارائه داد.","1"
"محتوای دوره خیلی پایه‌ای بود و چیز جدیدی یاد نگرفتم.","-1"
"دوره در کل خوب بود ولی کیفیت ویدیوها می‌توانست بهتر باشد.","0"
"با شرکت در این دوره، مهارت‌های جدیدی کسب کردم که بسیار مفید بودند.","1"
"سرعت پیشرفت دوره برای من خیلی سریع بود و نتوانستم همه چیز را درک کنم.","-1"
"مطالب ارائه شده در دوره مفید بودند، اما ارائه مدرس کمی خسته‌کننده بود.","0"
"دوره بسیار عمیق و مفیدی بود، تمام موضوعات به دقت پوشش داده شده بودند.","1"
"مدرس دوره اطلاعات را به شکلی پیچیده بیان می‌کرد که دشوار بود فهمیدنش.","-1"
"دوره خوبی بود، اما انتظار داشتم که بیشتر روی مهارت‌های عملی تمرکز شود.","0"
"مدرس با اشتیاق زیادی تدریس می‌کرد و محیط یادگیری را جذاب کرده بود.","1"
"مطالب دوره بیش از حد تئوری بود و کاربردی نبودند.","-1"
"دوره از نظر محتوایی خوب بود، ولی برنامه‌ریزی زمانی آن مناسب نبود.","0"
"این دوره به من کمک کرد تا درک بهتری از موضوعات پیچیده پیدا کنم.","1"
"مدرس دوره به سوالات پاسخ نمی‌داد، که این امر یادگیری را دشوار می‌کرد.","-1"
"دوره مطالب متنوعی داشت، اما برخی از آن‌ها به‌روز نبودند.","0"
"دوره بسیار کاربردی بود و تکنیک‌هایی یاد گرفتم که می‌توانم فوراً استفاده کنم.","1"
"مدرس دوره بسیار سریع مطالب را می‌گذراند و فرصت تمرین کافی نبود.","-1"
"دوره در کل خوب بود، اما برخی از ویدیوها کیفیت مناسبی نداشتند.","0"
"دوره به من اطلاعات جدیدی داد که قبلاً از آن‌ها بی‌خبر بودم.","1"
"مدرس دوره بسیار خوب بود، اما محتوای دوره نیاز به به‌روزرسانی داشت.","0"
"دوره بسیار ساده بود و به نظر می‌رسید که برای افراد مبتدی طراحی شده است.","-1"
"دوره بسیار جذاب و انگیزه‌بخش بود، منتظر دوره‌های بعدی هستم.","1"
"مدرس دوره بسیار مطلع بود، اما روش تدریس او خسته‌کننده بود.","0"
"محتوای دوره بسیار قدیمی بود و نیاز به به‌روزرسانی داشت.","-1"
"دوره بسیار کامل بود و همه جنبه‌های موضوع را پوشش داده بود.","1"
"دوره از نظر محتوایی خوب بود، اما مدرس تعامل زیادی با شرکت‌کنندگان نداشت.","0"
"دوره از نظر محتوایی عالی بود ولی تعامل کلاسی کمی ضعیف بود.","0"
"مدرس دوره بسیار با انرژی و پرشور بود، اما مطالب کمی پیچیده ارائه شد.","0"
"محتوای دوره بسیار به‌روز و مطابق با آخرین استانداردهای صنعت بود.","1"
"دوره تا حدودی خسته‌کننده بود، اما اطلاعات ارائه شده مفید بودند.","0"
"مدرس دوره بسیار متخصص بود ولی سرعت تدریس بالا بود.","0"
"دوره بسیار مفید و کاربردی بود، تمام نکات کلیدی پوشش داده شد.","1"
"مدرس دوره بسیار صبور بود و به همه سوالات با دقت پاسخ داد.","1"
"محتوای دوره کمی قدیمی بود، اما تکنیک‌های ارائه شده هنوز کاربردی هستند.","0"
"دوره بسیار سرگرم‌کننده و جذاب بود، یادگیری در آن لذت‌بخش بود.","1"
"مدرس دوره بسیار دانشمند بود، اما کمی بیش از حد جدی.","0"
"دوره از نظر محتوایی فوق‌العاده بود، هر جلسه پر از اطلاعات جدید بود.","1"
"مدرس دوره بسیار خوش‌برخورد بود ولی برخی مواقع از موضوع اصلی منحرف می‌شد.","0"
"دوره بسیار کامل و جامع بود، هیچ چیزی از قلم نیفتاده بود.","1"
"مدرس دوره بسیار با تجربه بود، اما روش تدریس او کمی قدیمی بود.","0"
"دوره بسیار مفید بود و من توانستم بلافاصله مطالب را در کار خود پیاده‌سازی کنم.","1"
"مدرس دوره بسیار مسلط بود، اما کمی بیش از حد سریع تدریس می‌کرد.","0"
"دوره بسیار عملی و کاربردی بود، تمرین‌های زیادی برای تقویت مهارت‌ها داشت.","1"
"مدرس دوره بسیار مهربان و دلسوز بود، اما گاهی اوقات توضیحاتش کافی نبود.","0"
"دوره بسیار متنوع بود و به خوبی تمام جنبه‌های موضوع را پوشش داده بود.","1"
"مدرس دوره بسیار باهوش بود، اما گاهی اوقات برای فهمیدن توضیحاتش باید تلاش کرد.","0"
"دوره به خوبی ساختاربندی شده بود و هر بخش به طور واضح توضیح داده شد.","1"
"مدرس دوره بسیار مطلع بود، اما گاهی اوقات توضیحاتش خیلی فنی و پیچیده بود.","0"
"محتوای دوره بسیار کاربردی بود و من توانستم مهارت‌های جدیدی را یاد بگیرم.","1"
"دوره از نظر محتوایی خوب بود، اما برخی از تمرین‌ها خیلی ساده بودند.","0"
"مدرس دوره بسیار باحوصله بود و به همه سوالات به دقت پاسخ داد.","1"
"دوره بسیار مفید بود و من توانستم بسیاری از مفاهیم را بهتر درک کنم.","1"
"مدرس دوره بسیار خوب بود، اما برخی از مطالب به خوبی پوشش داده نشده بودند.","0"
"دوره بسیار جامع بود و تمامی موضوعات مرتبط را پوشش داده بود.","1"
"مدرس دوره بسیار با استعداد بود، اما گاهی اوقات بیش از حد سریع تدریس می‌کرد.","0"
"دوره بسیار متنوع بود و من توانستم از هر جلسه چیز جدیدی یاد بگیرم.","1"
"مدرس دوره بسیار دقیق بود، اما گاهی اوقات توضیحاتش خیلی مختصر بود.","0"
"دوره بسیار موثر بود و من توانستم مهارت‌های خود را به سطح بالاتری برسانم.","1"
"مدرس دوره بسیار با دانش بود، اما گاهی اوقات کمی خشک و بی‌روح تدریس می‌کرد.","0"
"دوره بسیار کامل بود و تمامی نکات کلیدی به خوبی توضیح داده شدند.","1"
"مدرس دوره بسیار متعهد بود، اما گاهی اوقات برنامه‌ریزی کلاس‌ها مناسب نبود.","0"
"دوره بسیار عمیق بود و من توانستم دانش خود را در زمینه‌های مختلف گسترش دهم.","1"
"مدرس دوره بسیار متبحر بود، اما گاهی اوقات توضیحاتش کمی مبهم بود.","0"
"دوره بسیار مفید بود و من توانستم بسیاری از مهارت‌های عملی را یاد بگیرم.","1"
"مدرس دوره بسیار مسلط بود، اما گاهی اوقات به سوالات به طور کامل پاسخ نمی‌داد.","0"
"دوره بسیار جذاب بود و من توانستم اطلاعات زیادی را در مدت زمان کوتاهی یاد بگیرم.","1"
"دوره به خوبی ساختاربندی شده بود و هر بخش به طور واضح توضیح داده شد.","1"
"مدرس دوره بسیار مطلع بود، اما گاهی اوقات توضیحاتش خیلی فنی و پیچیده بود.","0"
"محتوای دوره بسیار کاربردی بود و من توانستم مهارت‌های جدیدی را یاد بگیرم.","1"
"دوره از نظر محتوایی خوب بود، اما برخی از تمرین‌ها خیلی ساده بودند.","0"
"مدرس دوره بسیار باحوصله بود و به همه سوالات به دقت پاسخ داد.","1"
"دوره بسیار مفید بود و من توانستم بسیاری از مفاهیم را بهتر درک کنم.","1"
"مدرس دوره بسیار خوب بود، اما برخی از مطالب به خوبی پوشش داده نشده بودند.","0"
"دوره بسیار جامع بود و تمامی موضوعات مرتبط را پوشش داده بود.","1"
"مدرس دوره بسیار با استعداد بود، اما گاهی اوقات بیش از حد سریع تدریس می‌کرد.","0"
"دوره بسیار متنوع بود و من توانستم از هر جلسه چیز جدیدی یاد بگیرم.","1"
"مدرس دوره بسیار دقیق بود، اما گاهی اوقات توضیحاتش خیلی مختصر بود.","0"
"دوره بسیار موثر بود و من توانستم مهارت‌های خود را به سطح بالاتری برسانم.","1"
"دوره بسیار کامل بود و تمامی نکات کلیدی به خوبی توضیح داده شدند.","1"
"مدرس دوره بسیار متعهد بود، اما گاهی اوقات برنامه‌ریزی کلاس‌ها مناسب نبود.","0"
"دوره بسیار عمیق بود و من توانستم دانش خود را در زمینه‌های مختلف گسترش دهم.","1"
"مدرس دوره بسیار متبحر بود، اما گاهی اوقات توضیحاتش کمی مبهم بود.","0"
"دوره بسیار مفید بود و من توانستم بسیاری از مهارت‌های عملی را یاد بگیرم.","1"
"مدرس دوره بسیار مسلط بود، اما گاهی اوقات به سوالات به طور کامل پاسخ نمی‌داد.","0"
"دوره بسیار جذاب بود و من توانستم اطلاعات زیادی را در مدت زمان کوتاهی یاد بگیرم.","1"
"دوره خوبی بود اما بعضی قسمتها نیاز به بهبود دارند","0"
"مربی بسیار آگاه و با تجربه بود و مطالب را به خوبی ارائه کرد","1"
"محتوای دوره بسیار ابتدایی است و من چیز جدیدی یاد نگرفتم","-1"
"دوره در کل خوب بود، اما کیفیت ویدیوها می توانست بهتر باشد","0"
"با شرکت در این دوره مهارت های جدیدی به دست آوردم که بسیار مفید است","1"
"پیشرفت دوره برای من خیلی سریع بود و نمی توانستم همه چیز را بفهمم","-1"
"دوره بسیار جامع و مفیدی بود، همه مباحث به طور مفصل توضیح داده شد","1"
"معلم در دوره اطلاعات را به شکل پیچیده ای ارائه کرد که درک آن دشوار بود","-1"
"دوره خوبی بود اما انتظار داشتم روی مهارتهای عملی بیشتر تاکید کنم","0"
"معلمان با اشتیاق تدریس کردند و محیط آموزشی را سرگرم کننده کردند","1"
"محتوای دوره تئوری است و عملی نیست","-1"
"محتوای دوره خوب بود اما برنامه مناسب نبود","0"
"این دوره به من کمک کرد تا موضوعات پیچیده را بهتر درک کنم","1"
"مدرس دوره به سوالات پاسخ نمی دهد که یادگیری را دشوار می کند","-1"
"این دوره دارای محتوای متنوعی بود، اما برخی از آن به روز نشدند","0"
"دوره بسیار کاربردی بود و من تکنیک هایی را یاد گرفتم که می توانم بلافاصله از آنها استفاده کنم","1"
"معلم خیلی سریع دوره را طی می کند و زمان کافی برای آموزش وجود ندارد","-1"
"دوره به طور کلی خوب بود، اما برخی از ویدیوها کیفیت خوبی نداشتند","0"
"دوره اطلاعات جدیدی به من داد که قبلاً نمی دانستم","1"
"مدرس دوره بسیار خوب بود، اما محتوای دوره نیاز به به روز رسانی داشت","0"
"دوره بسیار آسان و برای مبتدیان به نظر می رسد","-1"
"دوره بسیار جالب و انگیزشی بود، منتظر دوره های بعدی هستم","1"
"مدرس دوره بسیار آگاه است، اما سبک تدریس خسته کننده است","0"
"مطالب دوره بسیار قدیمی بود و باید به روز شود","-1"
"دوره بسیار متمرکز بود و تمام جنبه های دوره را پوشش می داد","1"
"دوره از نظر محتوا خوب است، اما استاد ارتباط چندانی با شرکت کنندگان ندارد","0"
"دوره از نظر محتوا خیلی خوب بود اما بحث گروهی کمی ضعیف بود","0"
"مدرس بسیار پرانرژی و مشتاق است، اما مطالب کمی پیچیده است","0"
"محتوای دوره بسیار به روز و مطابق با آخرین استانداردهای صنعت بود","1"
"درس خسته کننده بود، اما اطلاعاتی که به شما داده شد مفید بود","0"
"مدرس دوره بسیار مطلع بود اما سرعت تدریس بالا بود","0"
"دوره بسیار مفید و کاربردی بود، تمام نکات کلیدی پوشش داده شد","1"
"مدرس دوره بسیار صبور بود و به تمام سوالات با دقت پاسخ داد","1"
"محتوای دوره کمی قدیمی بود، اما تکنیک های ارائه شده هنوز قابل اجرا هستند","0"
"دوره عالی است، سرگرم کننده است، من از یادگیری لذت می برم","1"
"مدرس دوره بسیار آگاه بود، اما کمی قاطع بود","0"
"دوره از نظر محتوا بسیار خوب است، هر جلسه پر از اطلاعات جدید است","1"
"معلم خیلی خوب است، اما گاهی اوقات از موضوع اصلی منحرف می شود","0"
"دوره بسیار کامل و جامع بود، چیزی از قلم نیفتاد","1"
"مدرس دوره بسیار با تجربه بود، اما روش تدریس او کمی قدیمی بود","0"
"دوره بسیار مفید بود و من توانستم بلافاصله مطالب را در کارم اعمال کنم","1"
"مدرس دوره بسیار آگاه است. اما آموزش خیلی سریع","0"
"دوره بسیار کاربردی و عملی است، تمرینات زیادی برای تقویت مهارت دارد","1"
"استاد درس بسیار مهربان و دلسوز بود، اما گاهی اوقات توضیحاتش کافی نبود","0"
"دوره بسیار متنوع است و تمام جنبه های دوره را در بر می گیرد","1"
"مدرس دوره فوق العاده است، اما گاهی اوقات باید سعی کنید توضیحات او را بفهمید","0"
"معلمان موضوع بسیار مشتاق و آگاه هستند","1"
"محتوای دوره بسیار جامع و به روز بود","1"
"متاسفانه این دوره نیازهای آموزشی من را برآورده نکرد","-1"
"دوره بسیار سریع بود و مطالب به خوبی توضیح داده نشد","-1"
"به نظر می‌رسد این آموزش برای مبتدیان در نظر گرفته شده است نه حرفه‌ای‌ها","-1"
"آموزش بسیار خوب بود و من توانستم بلافاصله آنچه را که یاد گرفتم در کارم به کار ببرم","1"
"معلم خیلی خوب است و می تواند مطالب را به زبان ساده توضیح دهد","1"
"دوره خوبی بود، اما انتظار تمرینات بیشتری را داشتم","0"
"محتوای دوره برای به‌روزرسانی خیلی قدیمی است","-1"
"دوره بسیار کاربردی بود و من توانستم مهارت های جدیدی یاد بگیرم","1"
"دوره به خوبی سازماندهی شده است و مطالب به ترتیب منطقی ارائه شده است","1"
"مدرس دوره خیلی خوب بود اما محتوای دوره کافی نبود","0"
"دوره بسیار سطحی بود و اطلاعات عمیقی ارائه نکرد","-1"
"من از این دوره بسیار راضی هستم و آن را به دیگران توصیه می کنم","1"
"معلم دوره خیلی خشک و بی روح بود و جذاب نبود","-1"
"دوره خوبی بود و خیلی مفاهیم رو خیلی خوب فهمیدم","1"
"محتوای دوره بسیار متنوع و جالب بود","1"
"دوره با ارزشی بود، اما بعضی از موضوعات نیاز به توضیح بیشتری داشت","0"
"مدرس قادر به انتقال اطلاعات به خوبی نیست","-1"
"دوره بسیار مفید بود و من توانستم از محتوای آن در پروژه های شخصی خود استفاده کنم","1"
"دوره خوبی بود، اما توضیح بعضی قسمت ها خیلی گیج کننده بود","0"
"متاسفانه انتظاراتم را برآورده نکرد و چیزهای جدیدی یاد نگرفتم","-1"
"دوره عالی است، من آن را به همه توصیه می کنم","1"
"مدرس دوره بسیار باتجربه بود، اما سبک تدریس او را دوست نداشتم","-1"
"دوره بسیار گسترده بود و من مهارت های جدید زیادی یاد گرفتم","1"
"دوره ارزشمندی بود، اما برخی از ویدیوها کیفیت پایینی داشتند","0"
"معلمان دوره اطلاعات را به خوبی ارائه نکردند و من نتوانستم اطلاعات زیادی کسب کنم","-1"
"این دوره بسیار مفید و مفید است، من می توانم دانش جدیدی کسب کنم","1"
"این دوره خوبی بود، اما برخی از موضوعات نیاز به توضیح بیشتری دارند","0"
"متأسفانه دوره آموزشی محتوا را توضیح نداد و من نتوانستم اطلاعات مفیدی پیدا کنم","-1"
"دوره عالی بود و بسیاری از مفاهیم را به خوبی درک کردم","1"
"مدرس دوره بسیار با تجربه بود، اما سبک تدریس او را دوست نداشتم","-1"
"دوره بسیار جامع بود و من توانستم بسیاری از مهارت های جدید را بیاموزم","1"
"دوره جالب است، اما برخی از ویدیوها کیفیت پایینی دارند","0"
"مربی محتوا را به خوبی ارائه نکرد و اطلاعات زیادی به دست نیاورد","-1"
"دوره بسیار مفید و کاربردی بود و من توانستم مهارت های جدیدی کسب کنم","1"
"دوره عالی بود، مطالب به خوبی توضیح داده شده بود","1"
"با عرض پوزش، این دوره انتظارات من را برآورده نکرد","-1"
"دوره ارائه شده بسیار مفید و کاربردی است.","1"
"مربی قوی و آگاه بود.","1"
"محتوای دوره بسیار جامع و به روز است.","1"
"دوره خوبی بود اما انتظار داشتم نمونه های بیشتری ارائه شود","0"
"با عرض پوزش، این دوره نیازهای آموزشی من را برآورده نمی کند","-1"
"دوره خیلی سریع گذشت و مطالب به خوبی توضیح داده نشد.","-1"
"این دوره مفیدی بود، اما برخی از ویدیوها کیفیت پایینی داشتند.","0"
"به نظر می رسد این دوره برای مبتدیان است نه حرفه ای ها.","-1"
"دوره فوق العاده بود و من توانستم بلافاصله آنچه را که یاد گرفتم در کارم به کار ببرم.","1"
"معلم بسیار آگاه است و می تواند مطالب را به زبان ساده توضیح دهد.","1"
"دوره خوبی بود، اما انتظار تمرینات بیشتری را داشتم","0"
"محتوای دوره بسیار قدیمی و به روز نیست.","-1"
"دوره بسیار کاربردی بود و من توانستم مهارت های جدیدی یاد بگیرم.","1"
"دوره به خوبی سازماندهی شد و مطالب به ترتیب منطقی ارائه شد.","1"
"مدرس دوره خیلی خوب بود اما محتوای دوره کافی نبود","0"
"دوره بسیار سطحی است و بینشی ندارد","-1"
"از حضور در این دوره بسیار خوشحالم و آن را به دیگران توصیه می کنم.","1"
"دوره خیلی طولانی است و در مدت زمان بسیار کوتاهی تکمیل می شود.","0"
"معلم موضوع به روشی خشک، بی روح و غیر جالب تدریس می کند","-1"
"دوره فوق العاده ای بود و من توانستم خیلی از مفاهیم را به خوبی درک کنم.","1"
"محتوای دوره بسیار متنوع و جالب بود.","1"
"مدرس دوره نتوانست اطلاعات را به خوبی منتقل کند.","-1"
"دوره بسیار مفید بود و من توانستم از مطالب در پروژه های خودم استفاده کنم.","1"
"این دوره خوبی است، اما برخی از بخش ها آنقدر پیچیده هستند که نمی توان توضیح داد.","0"
"متاسفانه این دوره انتظارات من را برآورده نکرد و چیز جدیدی یاد نگرفتم.","-1"
"دوره عالی بود و من به همه توصیه می کنم شرکت کنند.","1"
"دوره خوب است، اما برخی از موضوعات به اندازه کافی پوشش داده نشده اند","0"
"مدرس دوره بسیار باتجربه بود اما سبک تدریس او برای من جالب نبود","-1"
"دوره بسیار جامع بود و من توانستم مهارت های جدید زیادی بیاموزم.","1"
"دوره با ارزشی بود، اما برخی از ویدیوها کیفیت پایینی داشتند.","0"
"مدرس دوره نتوانست مطالب را به خوبی ارائه کند و من نتوانستم اطلاعات زیادی کسب کنم.","-1"
"دوره بسیار مفید و کاربردی بود، من موفق به کسب مهارت های جدید شدم.","1"
"دوره خوبی بود، اما بعضی از موضوعات نیاز به توضیح بیشتری داشت.","0"
"متاسفانه مطالب در دوره به خوبی توضیح داده نشد و من نتوانستم اطلاعات مفیدی پیدا کنم.","-1"
"دوره خوب بود و من توانستم ایده های زیادی را درک کنم.","1"
"دوره خوبی بود اما برخی از موضوعات به اندازه کافی پوشش داده نشد.","0"
"مدرس دوره بسیار با تجربه بود، اما سبک تدریس او برای من جذاب نبود.","-1"
"دوره بسیار جامع بود و من مهارت های جدید زیادی یاد گرفتم.","1"
"دوره خوبی است، اما برخی از ویدیوها کیفیت پایینی دارند.","0"
"مدرس دوره مطالب را به خوبی ارائه نکرد و من اطلاعات زیادی کسب نکردم.","-1"
"دوره بسیار مفید و کاربردی بود و من توانستم مهارت های جدیدی کسب کنم.","1"
"دوره ارائه شده بسیار مفید و کاربردی بود.","1"
"محتوای ارائه شده در دوره بسیار قدیمی و منسوخ بود و هیچ کمکی به من نکرد.","-1"
"من از این دوره راضی نیستم، چون اطلاعات ارائه شده کاملاً ابتدایی بود.","-1"
"پشتیبانی دوره بسیار ضعیف بود، سوالات من بی‌پاسخ ماندند.","-1"
"مدرس دوره به سوالات به درستی پاسخ نمی‌داد و اغلب از موضوع منحرف می‌شد.","-1"
"محتوای دوره بروز نبود و بیشتر مطالب قدیمی و تکراری به نظر می‌رسید.","-1"
"هزینه‌ای که برای این دوره پرداخت کردم ارزشش را نداشت، محتوا بسیار سطحی بود.","-1"
"از اینکه وقتم را صرف این دوره کردم پشیمانم، هیچ چیز مفیدی یاد نگرفتم.","-1"
"از شرکت در این دوره راضی هستم، اما نمی‌توانم بگویم که عالی بود","0"
"دوره اطلاعات زیادی داشت، اما بیشتر آنها برای من قابل پیش‌بینی بود","0"
"ارزش زمانی که برای این دوره گذاشتم را داشت، اما انتظار بیشتری داشتم","0"
"این دوره برای کسانی که تازه شروع به یادگیری می‌کنند، مناسب است، اما من چیز زیادی یاد نگرفتم","0"
"دوره به خوبی برگزار شد، اما می‌توانست بهتر هم باشد","0"
"مدرس دوره بسیار مسلط بود، اما روش تدریسش برای من کمی خسته‌کننده بود","0"
"دوره از نظر ساختاری خوب بود، اما محتوای آن برای من جدید نبود","0"
"دوره مقدماتی بود و برای کسانی که تجربه بیشتری دارند، ممکن است کمی ساده باشد","0"
"دوره به اندازه کافی جامع بود، اما من به دنبال چیزی عمیق‌تر بودم","0"
"دوره از نظر فنی خوب بود، اما از نظر عملی چندان کاربردی نبود","0"
"دوره اطلاعات زیادی ارائه داد، اما بیشتر آنها برای من قدیمی بودند","0"
"دوره به من کمک کرد تا برخی از مفاهیم را بهتر درک کنم، اما هیچ چیزی که واقعاً جدید باشد، نبود","0"
"دوره به خوبی سازماندهی شده بود، اما برخی از مطالب برای من خیلی سطحی بودند","0"
"دوره برای کسانی که به دنبال یادگیری مقدماتی هستند، مناسب است","0"
"دوره از نظر محتوایی خوب بود، اما از نظر ارائه می‌توانست بهتر باشد","0"
"دوره از نظر آموزشی خوب بود، اما از نظر تعاملی کمی ضعیف بود","0"
"دوره به من کمک کرد تا برخی از مهارت‌هایم را بهبود ببخشم، اما انتظار بیشتری داشتم","0"
"مدرس دوره به خوبی مطالب را توضیح می‌داد، اما کمی سریع پیش می‌رفت","0"
"مدرس دوره در دسترس بود و به سوالات به خوبی پاسخ می‌داد، اما گاهی اوقات پاسخ‌ها کافی نبود","0"
"مدرس دوره از نظر فنی بسیار قوی بود، اما در برقراری ارتباط با شاگردان کمی ضعیف عمل می‌کرد","0"
"مدرس دوره انگیزه زیادی برای تدریس داشت، اما گاهی اوقات مطالب را خیلی پیچیده توضیح می‌داد","0"
"مدرس دوره تجربه زیادی داشت، اما رویکرد تدریسش کمی قدیمی به نظر می‌رسید","0"
"مدرس دوره در ارائه مطالب جدید خوب عمل می‌کرد، اما در تعامل با کلاس کمی کم‌کاری می‌کرد","0"
"مدرس دوره در تشریح مفاهیم پایه‌ای عالی بود، اما در مفاهیم پیشرفته‌تر کمی ضعف داشت","0"
"مدرس دوره در انتقال دانش خود موفق بود، اما گاهی اوقات نیاز به توضیحات بیشتری بود","0"
"مدرس دوره اشتیاق زیادی برای تدریس داشت، اما برخی از درس‌ها کمی خسته‌کننده بودند","0"
"مدرس دوره در ارائه مثال‌های عملی خوب بود، اما در تئوری کمی ضعف داشت","0"
"مدرس دوره در توضیح مطالب پیچیده مهارت داشت، اما گاهی اوقات بیش از حد به جزئیات می‌پرداخت","0"
"مدرس دوره بسیار متعهد بود، اما گاهی اوقات نیاز به تنوع بیشتری در شیوه تدریس بود","0"
"مدرس دوره در ارائه مطالب به روشی ساده و قابل فهم موفق بود، اما برخی از مطالب نیاز به توضیح بیشتر داشتند","0"
"مدرس دوره اصلاً توضیحات واضحی نمی‌داد و من هیچ چیزی یاد نگرفتم","-1"
"مطالب دوره بسیار قدیمی و کاملاً بی‌ربط به نیازهای فعلی من بودند","-1"
"مدرس دوره بسیار خسته‌کننده تدریس می‌کرد و من نتوانستم تمرکز کنم","-1"
"دوره به شدت نامنظم بود و هیچ برنامه‌ریزی درستی برای جلسات وجود نداشت","-1"
"محتوای دوره بسیار سطحی بود و هیچ چالش فکری برای من ایجاد نکرد","-1"
"مدرس دوره به سوالات پاسخ نمی‌داد و انگار که اصلاً حضور ذهن نداشت","-1"
"دوره هیچ ارزش افزوده‌ای برای من نداشت و وقتم را تلف کرد","-1"
"مدرس دوره اصلاً به نظرات دانشجویان اهمیت نمی‌داد و فقط مطالب خودش را می‌گفت","-1"
"دوره بسیار گران بود و اصلاً ارزش هزینه‌ای که کردم را نداشت","-1"
"مدرس دوره بسیار بی‌نظم بود و همیشه دیر به کلاس می‌آمد","-1"
"مطالب دوره بسیار پیچیده و بدون هیچ توضیح مفیدی ارائه شدند","-1"
"مدرس دوره اصلاً تعاملی با دانشجویان نداشت و فقط یک‌طرفه تدریس می‌کرد","-1"
"دوره فاقد هرگونه محتوای عملی بود و فقط به تئوری پرداخته بود","-1"
"مدرس دوره اصلاً صبور نبود و به دانشجویان فرصت یادگیری نمی‌داد","-1"
"دوره به هیچ وجه به روز نبود و مطالب قدیمی و تکراری ارائه شد","-1"
"مدرس دوره اصلاً قابل فهم نبود و با لهجه‌ای سنگین صحبت می‌کرد","-1"
"دوره هیچ تمرین عملی نداشت و فقط به خواندن اسلایدها پرداخته بود","-1"
"مدرس دوره اصلاً انگیزه‌ای برای تدریس نداشت و بسیار بی‌حال به نظر می‌رسید","-1"
"دوره بسیار کوتاه بود و هیچ فرصتی برای پرداختن به مطالب به صورت عمیق وجود نداشت","-1"
"مدرس دوره بسیار بی‌ادب بود و به دانشجویان احترام نمی‌گذاشت","-1"
"دوره به شدت ناامیدکننده بود و هیچ یک از اهداف یادگیری من را برآورده نکرد","-1"
"مدرس دوره هیچ توجهی به نیازهای فردی دانشجویان نداشت و فقط برنامه خودش را دنبال می‌کرد","-1"
"دوره هیچ مثال عملی نداشت و فقط به بحث‌های نظری پرداخته بود","-1"
"مدرس دوره اصلاً متعهد به زمان‌بندی کلاس‌ها نبود و همیشه برنامه‌ها به هم می‌خورد","-1"
"دوره اصلاً به اندازه‌ای که تبلیغ شده بود، جامع نبود و بسیاری از مطالب را پوشش نمی‌داد","-1"
"مدرس دوره اصلاً قابل اعتماد نبود و همیشه پاسخ‌های مبهمی می‌داد","-1"
"دوره بسیار طولانی و خسته‌کننده بود و به نظر می‌رسید که هیچ پایانی ندارد","-1"
"مدرس دوره اصلاً به روز نبود و از متدهای قدیمی و منسوخ شده استفاده می‌کرد","-1"
"دوره هیچ ارزشی برای پولی که پرداخت کردم نداشت و کاملاً ناامیدکننده بود","-1"
"مدرس دوره اصلاً مهارت‌های ارتباطی نداشت و نمی‌توانست مطالب را به خوبی منتقل کند","-1"
"دوره فاقد هرگونه سازماندهی بود و همیشه در حال تغییر برنامه‌ها بود","-1"
"مدرس دوره اصلاً حرفه‌ای نبود و به نظر می‌رسید که تجربه کافی برای تدریس ندارد","-1"
"دوره هیچ تأثیری بر مهارت‌های من نداشت و فقط وقتم را تلف کرد","-1"
"مدرس دوره اصلاً منظم نبود و همیشه برنامه‌های کلاس را در لحظه آخر تغییر می‌داد","-1"
"دوره اصلاً مطابق با توضیحات ارائه شده نبود و بسیار ناقص بود","-1"
"مدرس دوره اصلاً به دانشجویان اهمیت نمی‌داد و فقط به فکر پایان دادن به کلاس بود","-1"
"دوره اصلاً مفید نبود و هیچ چیز جدیدی به من یاد نداد","-1"
"مدرس دوره اصلاً انگیزه‌ای برای تدریس نداشت","-1"
"مدرس دوره اصلاً به سوالات پاسخ نمی‌داد و فقط مطالب را می‌خواند","-1"
"دوره هیچ تمرین عملی نداشت و فقط روی تئوری تمرکز کرده بود","-1"
"مدرس دوره بسیار بی‌نظم بود و همیشه دیر به کلاس می‌آمد","-1"
"محتوای دوره بسیار سطحی بود و هیچ چالش فکری برای من ایجاد نکرد","-1"
"دوره به شدت نامنظم بود و هیچ برنامه‌ریزی درستی برای جلسات وجود نداشت","-1"
"مدرس دوره اصلاً توضیحات واضحی نمی‌داد و من هیچ چیزی یاد نگرفتم","-1"
"دوره هیچ ارزش افزوده‌ای برای من نداشت و وقتم را تلف کرد","-1"
"مدرس دوره اصلاً به نظرات دانشجویان اهمیت نمی‌داد و فقط مطالب خودش را می‌گفت","-1"
"دوره بسیار گران بود و اصلاً ارزش هزینه‌ای که کردم را نداشت","-1"
"مدرس دوره اصلاً صبور نبود و به دانشجویان فرصت یادگیری نمی‌داد","-1"
"دوره به هیچ وجه به روز نبود و مطالب قدیمی و تکراری ارائه شد","-1"
"مدرس دوره اصلاً قابل فهم نبود و با لهجه‌ای سنگین صحبت می‌کرد","-1"
"دوره هیچ تأثیری بر مهارت‌های من نداشت و فقط وقتم را تلف کرد","-1"
"مدرس دوره اصلاً منظم نبود و همیشه برنامه‌های کلاس را در لحظه آخر تغییر می‌داد","-1"
"دوره اصلاً مطابق با توضیحات ارائه شده نبود و بسیار ناقص بود","-1"
"دوره عالی و فوق العاده بود و مدرس دوره به خوبی مطالب را تدریس کرد","1"
"عالی خیلی خوب بود","1"
"عالی بود","1"
"استاد منظم و منسجم تدریس میکرد","1"
"استاد خیلی مرتب و منظم تدریس میکرد","1"
"زیبا و قابل فهم مطالب گفته شد","1"
"نحوه ی آموزش خیلی خوب بود","1"
"این استاد بهترین آموزش را دارد","1"
"از این آموزش راضی هستم","1"
"این آموزش خوب بود اما تمرین محور نیست","-1"
"این آموزش پروژه محور نبود و تمرین کمی حل شد","-1"
"از این آموزش و تدریش رضایت داشتم","1"
"از این آموزش راضی نیستم","-1"
"سلام , عالی و خسته نباشد.","1"
"عالی","1"
"آموزش  خیلی خوب بود و هیچ چیزی کم نداشت","1"
"توضیحات به طور کلی خوب است و نسبتا کامل. اما توقع داشتم حداقل در انتهای هر درس 7-8 تمرین برای یادگیری و هضم مطالب ارائه شود.","-1"
"خوب بود و قابل درک فقط در برخی نکات ریز میشد توضیح بیشتری داده شود در کل برای مبتدی مفید است.","0"
"خوب","0"
"تسلط مدرس خوبه ولی تدریس کمی میتونست بهتر باشه مثلا به جای لیست کردن توابع کارامد توی بخش های مختلف، میشد مثال های بیشتری حل کرد.","-1"
"خیلی زیبا و قابل فهم بود...","1"
"عالی خیلی خوبه","1"
"عاالی","1"
"ممنونم از زحمات شما بسیار مفید بود","1"
"خیلی خوب مطالب رو توضیح میدن من واقعا راضی هستم","1"
"ممنون بابت توضیحات واضح.","1"
"ایشون واقعا فوق العاده درس میدن. ممنون","1"
"عالی بود. کاملا متوجه شدم.","1"
"بی نظیر. شیوا، منسجم و منظم.","1"
"کلا هر چی دیدم خیلی خوب بود و از روی علاقمندی این آموزش رو تهیه کردم. این آموزش محتواش مورد تاییدم بود خلاصه.","1"
"تدریس و نحوه آموزش مناسبه، فقط چون آنلاینه نمیشه به صورت عملی کار کرد.","-1"
"بین چندین ویدیو آموزشی و کلاسی که حتی در دانشگاه دارم آموزش ایشون واقعا قابل درک هست و به آرامی مثال میزنن که آموزش بهتر میکند","1"
"بسیار هنر اموز خوب و عالی همراه با بهترین تدریس","1"
"بسیار جامع و شمرده شمرده تدریس میکنن استاد.","1"
"آموزش توضیحات خیلی خوبی داره. استاد خیلی روان و قشنگ توضیح میدن و در کل از همه آموزش های ایشون راضی ام.","1"
"اشکالی که از نظر من دارن اینه که نمرین محور و پروژه محور نیستن به نظر من بایستی به این سمت برن","-1"
"عالی بود اما باید در تمرین ها مثال های متنوع استفاده می کرد در کل خوب بود","0"
"خیلی عالی و منظم تدریس کردند متشکرم","1"
"برای کسی که بیس برنامه نویسی رو بلد هست مناسبه و برای من چون چیزی بلد نبودم خوب نبود.","-1"
"از آموزش رضایت داشتم. تدریس استاد خیلی خوب بود.","1"
"شیوه تدریس استاد جمع بندی مطالب و سرفصل های انتخابی عالی بود.","1"
"سلام و سپاس بابت تدریس عالی تون. ","1"
"تدریس ایشون فوق العاده هست. ممنون","1"
"من عاشق درس دادن استاد هستم واقعا عالی است","1"
"از قبل من آشنایی نداشتم اما بازم تونستم ارتباط برقرار کنم و راحت و روان بود.","1"
"از قبل  آشنایی نداشتم و نتونستم ارتباط برقرار کنم و راحت و روان نبود","-1"
"خیلی خوبه عالیه","1"
"جزیات بسیار خوب و کاربردی که حتی تو کتاب های معروف هم درموردشون توضیح داده نشده","1"
"مثالها خوب بود فن بیان عالی","1"
"برای حوزه درسیم از این آموزش استفاده کردم تشکر میکنم از سایت خوبتون.","1"
"بهترین منبع آموزشی برای پایتون","1"
"بینظیر هستید به این شیوایی و رساییی اموزش نداده بودن .","1"
"خوب هست.","0"
"عالییییییییییییی","1"
"مطالب خیلی پراکنده و ناهماهنگ بودند. یکجا خیلی ساده و سطحی و با توضیحات مازاد. یکجا پیشرفته و با توضیحات حداقلی.","-1"
"کاربردی بود","1"
"بنظرم خیلی خوب و مفید بود","1"
" به نظرم توی یه زبان دیگه مثل زبان c یا تدریس ریاضی و تدریس تئوری، بیشتر مسلط هستن تا پایتون به صورت عملی.","0"
" آموزش از پایه شروع شده بود","1"
"آموزش اوکی بود، فقط تو خرید یه چارت بندی دقیق داشته باشید که انتخاب دقیق تری بتونیم انجام بدیم.","-1"
"دستتون درد نکنه، تا حدود زیادی راضی بودم و مدرس خوبی داشت این آموزش.","1"
"خیلی عالیه با تدریس مهندس شیر افکن","1"
"خوبه","0"
"دکتر فرشید شیرافکن بسیار عالی تدریس می فرمایند؛ قابل فهم و ساده ولی پیشرفته","0"
"دوست داشتم.","1"
"استاد بسیار روان و طبقه بندی شده مطالب را اراِئه کردند.","1"
"در حد آشنایی اولیه خیلی خیلی مناسب بود. محتوای خوبی داشت.","0"
"بیان استاد خیلی خوب بود.","1"
"عالیییییی بود، در طول ترم برای امتحانی که داشتم کمکم کرد.","1"
"خوب وبد ولی کاش دوره های جدیدش رو هم بزارید.","0"
"خیلی خوب بود، آقای دکتر شیرافکن فوق العاده درس میدن و مسلط هستند.","1"
"برای سطح بالا خیلی خوب نیست، اما برای کسی که تازه کاره خیلی مفیده.","0"
"خیلی آموزش خوبی بود، واقعا آقای شیرافکن تسلط بالای دارن.","1"
"این قدر قشنگ تدریس کردن که من هبچ جابی همچین آموزشی ندیدم","1"
"با دیدن این آموزش نواقصمو پیدا کردم","1"
"خیلی خوب و روان توضیح میدهند","1"
"ممنون از مجموعه فرادرس و آقای شیر افکن","0"
"استاد خیلی عالی و با حوصله توضیح می‌دن. البته کافی نیست و بهتره مثال‌های بیشتری حل بشه.","0"
"تدریس استاد بی نهایت عالی هستش فقط و فقط حیف که تمرین کم داره","0"
"بی نظیرترین آموزشی بوده که تا این لحظه از فرادرس تجربه کردم.","1"
"تدریس خوبی داشتند، متشکرم","0"
"عالی ولی دو فصل آخر گنگ بودن و من متوجه نشدم.","-1"
"اگر برنامه نویسی بلد باشید سرفصل های ابتدایی برای شما کمی خسته کننده می باشد","-1"
"دوره مفاهیم پایه ای رو خوب آموزش داده، فقط قسمت آموزش ماژول یه مقدار گنگ هست چون چند بار هم آموزش تغییر می کنه","-1"
"خیلی خوب و دارای جزییات مکفی بود.","0"
"آموزش خوبی بود اما تمرین محور نبود و تعداد تمرین ها کم بودند.","-1"
"ممنون از مدرس","0"
"سریع توضیح میدین","-1"
"خسته کننده بود.","-1"
"مطالب جدید مجزا نیست","-1"
"بسیار مفید برای یادگیری پایتون. ارائه مطالب بصورت جزء به جزء","1"
"پیشنهاد میکنم مثالها بیشتری ارائه کنید.","-1"
"یه سری ایرادات داشت در حالت کلی به اندازه هزینه ای داشت مفید بود.
محتوا کامل نبود، میتونست کامل تر باشه خلاصه و مختصر بود.","-1"
"محتوا کامل نبود.","-1"
"آموزش ایراد داشت","-1"
"هزینه ی آموزش به نسبت کیفیت زیاد بود","-1"
"کاش راجب لایه بندی های اتوکدبحث میشد","0"
"یه کم پیش پا افتاده بود. ولی بازم یه سری نکته هاش به کارم اومد.","0"
"قدرت بیان مدرس خوب بود البته میتونست اموزش کامل تر باشد و سرفصل های بیشتری پوشش دهد. توقع داشتم مثال های سخت تری را کار کنند.","-1"
" در این آموزش فایل های هر جلسه قرار داده نشده.","-1"
"در این آموزش همه فایل ها یکسان هست و فایل های جلسه  قرار داده نشده","-1"
" به نظر بنده میشد مثال های سخت تر و بیشتری رو توضیح میدادن ","-1"
"عمران اکثره آموزش های شما خیلی خیلی مختصر و ساده هستن","-1"
"راضی نیستم","-1"
"خوب نبود","-1"
"رضایت نداشتم","-1"
"رضایت داشتم","1"
"از این آموزش راضی نیستم","-1"
"این آموزش خوب و مفید نبود","-1"
"این آموزش خوب نبود","-1"
"از این آموزش راضی هستم","1"
"این آموزش مفید بود و ازش رضایت داشتم","1"
"از این آموزش رضایت کافی نداشتم","-1"
"این آموزش خیلی خوب نبود.","-1"
"راضی نیستم از این آموزش","-1"
"استاد درس بسیار مهربان و دلسوز بود اما گاهی اوقات توضیحاتش کافی نبود.","0"
"مدرسان شما توانایی‌های فوق‌العاده‌ای دارند، اما گاهی اوقات می‌خواهم مباحث پیچیده‌تری را بیشتر بررسی کنم.","0"
"خدمات شما به من اعتماد به نفس بیشتری داده‌اند، اما گاهی اوقات می‌خواهم موضوعات متنوع‌تری را بیشتر بررسی کنم.","0"
"من از دوره‌های آموزشی شما استفاده کردم و راضی بودم، اما گاهی اوقات می‌خواهم موضوعات متنوع‌تری را بیشتر بررسی کنم.","0"
"دوره‌های آموزشی شما برای همه سطوح مناسب هستند، اما گاهی اوقات می‌خواهم موضوعات پیچیده‌تری را بیشتر بررسی کنم.","0"
"مشاوره‌های شما به من کمک کردند تا مسیر تحصیلی‌ام را انتخاب کنم، اما گاهی اوقات احساس می‌کنم نیاز به مشاوره‌های بیشتری دارم.","0"
"من از کلاس‌های آموزشی شما راضی هستم، اما گاهی اوقات می‌خواهم موضوعات متنوع‌تری را بیشتر بررسی کنم.","0"
"خدمات شما به من کمک کردند تا مهارت‌های جدیدی را یاد بگیرم، اما گاهی اوقات احساس کمی از تنوع نمی‌کنم.","0"
"من از کلاس‌های آموزشی شما راضی هستم، اما گاهی اوقات می‌خواهم موضوعات پیچیده‌تری را بیشتر بررسی کنم.","0"
"خدمات شما برای آمادگی آزمون‌ها عالی است، اما گاهی اوقات می‌خواهم مباحث عمیق‌تری را بیشتر بررسی کنم.","0"
"خوب توضیح میدادن. من فقط پیشنهاد می کنم که آموزش های بیشتری در حول این آموزش ارائه کنید.","0"
"خوب توضیح نمیدادن.لطفا آموزش های دیگری در حول این آموزش ارائه کنید.","-1"
"خیلی راضی بودم. برای آزمون استخدامی از این آموزش استفاده کردم و خیلی رضایت داشتم. تشکر.","1"
"نکات جدید داشت، برای مبتدی ها خیلی مناسب بود.","0"
"مدرس خیلی خوب توضیح میدادند اماشاید بهتر بود یه سری مطلب های بیشتری رو هم میگفتن.","0"
"برای یادآوری مباحث مربوطه آموزش خوبی بود اما نظری به مباحث کامل پرداخت نشده.","0"
"دنبال تکمیلی این آموزش بودم، چون که با اینکه آموزش هیچ نقصی نداشت اما دوست داشتم تکمیلی هم یاد بگیرم.","-1"
"از نحوه ارائه مطالب و نوع محتوا راضی بودم.","1"
"خوب و مختصر و مفید بود ولی میتونست یه مقدار مطالب بیشتری رو هم پوشش بده.","0"
"مجموع جامع و خوبی بود. به نظرم اگه آپدیت هم بشه خیلی خوب میشه.","0"
"خیلی سطحی بود و یه دید کلی میداد. کاش تخصصی تر بود.","-1"
"از دید کلی و عمومی عالی عالی عالی، ولی از دید تخصصی و عمق مطلب، جای توضیح بیشتر رو داشت و نیاز بودش که جزئی تر وارد مباحث بشه.","0"
"به نظرم اگر مثال و فرمولهای بیشتری ارائه میکرد بهتر بود. فقط مفاهیم گفته شد.","-1"
"مطالب خیلی عمیق نبود راضی بودم فقط انتظار داشتم بیشتر عمق مطلب رو توضیح میدادند ولی فقط در حد همون مقدماتی بیان کرده بودند.","-1"
"مطالب خیلی عمیق نبود راضی بودم فقط انتظار داشتم بیشتر عمق مطلب رو توضیح میدادند","0"
"بسیار خوب و بسیار مسلط بودند فقط یه قسمتی از آموزش رو داخل فایل پی دی اف گذاشتند ولی در قسمت ویدئو آموزشی نبود ولی به لحاظ تدریس ایشون فوق العاده بودند.","0"
"در کل آموزش خوبی بود ولی اگر به جزییات بیشتر می پرداختن خیلی کاربردی تر بود.","0"
"در حد مقدماتی خوب بود و خیلی کلی توضیح می دادن. مثلا من برای آزمون می خواستم نیاز به منبع دیگر هم در کنار این آموزش بود.","-1"
"آموزش بسیار سریع و اکثرا تیتروار بود مخصوصا در توضیح نمودارهای هزینه و سازمان بازار","-1"
"نمودارهای نظریه هزینه را خوب توضیح ندادند و علاوه بر آن واقعا تند صحبت می کردند بدون مثال های روشن. به نظرم اسلایدها و تدریس عجولانه تدوین شده است و استاد هنرمندانه تر می توانستند آموزش دهند.","-1"
"خوب بود ولی می تونست کامل تر باشد.","0"
"نمودارها خیلی به سرعت معرفی شدند و گویا نیستند.","-1"
"خیلی مختصر بود و توضیحات کامل نبود.","-1"
"توضیخات اضافه و خسته کننده داشت.","-1"
"سلام با تشکر خیلی مفید و آموزنده بود ولی در فصل سازمان بازار اشاره به نمودارهای تقاضا می شود ولی در فصول قبلی هیچ اشاره ای به آنها نشده بود","0"
"رشته ی تحصیلیم اقتصاد بود، بعضی از مدرسین تو دانشگاه واقعا کم کاری می کردند، اما مدرسین فرادرس خوب توضیح دادند. من به دوستامم این آموزش رو پیشنهاد میدادم.","1"
"من این آموزش را به دوستام پیشنهاد میدم","1"
"خیلی ساده ولی خوب بود بیان خوبی هم دارند","0"
"دو ویدیوی اول خوب بودن ولی در توضیح نمودارهای دو ویدیوی آخر گنگ بود.","-1"
"این آموزش و سوالات ارائه شده سطح پایینی داشت","-1"
"این آموزش سطح قابل قبولی نداشت","-1"
"پیشنهاد میدم که برای ارتقا این مطلب، از سوالات محاسباتی بیشتر و پیچیده تری استفاده کنید.","-1"
"مچکرم که کامل گفتین و امثال منو روشن کردین","1"
"مبحث عرضه و تقاضا و کشش که جز سرفصل های مهم اقتصاد خرد هستش اصلا هیچگونه اشاره بهش نشده","-1"
"توضیحات خوبه ولی محتوا خیلی خلاصه و مختصر است انتظار داشتم مباحث کتاب پوشش داده بشه ","-1"
"برای یادگیری به صورت مرور میتونه خوب باشه اما برای یادگیری به صورت جامع کاربردی نیست","0"
"استاد کارشون عالیه و به زبون ساده و روان مطالب رو بیان میکنه. من درس اقتصاد کلان ایشون رو هم دیدم و راضی هستم.","1"
"من پیشنهاد میکنم این کلاس رو. ممنون از فرادرس و اساتید گرامی","1"
"گفتارشون خیلی خوب بود. از نظر سرفصل ها، نسبت به چیزایی که تو دانشگاه یا جاهای دیگه تدریس می کنن، یک مقدار ناقص هست، ولی خوب بود","0"
"توضیحات مدرس و بیانشون به نظرم خوب بود.ممنونم","0"
"مفهومی ها خیلی خوب بود، ولی بهتر بود مثال و فرمولهایی بیشتری ارائه میشد.","0"
"به صورت عمومی آموزش خوبی بود ولی اگه به صورت تخصصی تر باشه بهتر بود.","-1"
"مطالب خیلی عمیق نبود راضی نبودم و انتظار داشتم بیشتر عمق مطلب رو توضیح میدادند ولی فقط در حد همون مقدماتی بیان کرده بودند","0"
"سلام و درود بسیییاااررر عالییییی","1"
"بسیار عالی فقط حیف که بخش دوم آن در دسترس نیست","0"
"بهترین حالت ممکن برای آموزش مبحث اقتصاد خرد توی این دوره تدریس شده","1"
"آموزش بسیار خوبی بود","1"
"مدرس کاملا مسلط بودند. و به خوبی مطالب را ارائه کردند.","1"
"استاد مسلط بود و خیلی خوب تدریس کرد","1"
"آموزش خیلی خوبی بود، حل مسئله داشت که به یادگیری خیلی کمک کرد.","1"
"خوب بود. من واسه دانشگاه گرفتم اما خیلی کلی بود و من بیشتر برای دانشگاه جزئیات رو میخواستم.","0"
"این آموزش برای زمان انتشارش خوب بود ولی چون بازارهای مالی در حال تغییر هستند نیاز به آپدیت دارد.","-1"
"قبلا در این زمینه کلاس رفته بودم. پیش نیاز داشتم. و این دوره برام تکمیل کننده بود.","1"
"خوب بود. متشکرم","0"
"با تشکر از مدرس گرامی. مثال ها با دقت کمتر بررسی شدند و خیلی سطحی بود خیلی کمتر از انتظارات بود.","-1"
"کمتر از انتظاراتم بود.","-1"
"خیلی سطحی بود و کامل نبود","-1"
"این آموزش مفید نیست مطالب گنگ و ناپیوسته است. آموزش ها بدون ارائه ادله و صرفا موردی گفته می شوند.پولتون رو دور نندازید","-1"
"مقداری توضیحات گنگ هستش","-1"
"کاش توضیحات بیشتری ارائه میشد","-1"
"متوسط بود","0"
"سودمند بود","1"
"بسیار عالی و درجه یک من با این تدریس به سود رسیدم.","1"
"این دوره صرفا برای آشنایی با کلیات مبحث اسمارت مانی مناسبه، ولی برای درک دقیق تر موضوع باید دوره های عمیق تری گذرانده بشه، با تشکر از مدرس محترم.","0"
"از کلی گویی و مطالب تئوریک دوری شده است","1"
"توضیحات خیلی کم بود.","-1"
"من متوجه نشدم و سوالات زیادی دارم","-1"
"کلاس خوبی بود ولی نیاز به توضیح بیشتر و مثال مفهومی راجب هر موضوع  بود","0"
"مطالب خیلی پیش پا افتاده بود! مناسب نبود.","-1"
"خوب نبود.خیلی سطحی بود","-1"
"واقعا کمک کننده بود به نظرم برای بچه های امروزی که یکم حواس پرتن خوبه میتونه کمکشون کنه","1"
"خیلی کمک کننده بود و به من کمک کرد","1"
"من کاملا تاییدش می کنم. تسلط مدرس خیلی بالا و مفید و مختصر. تمام نکاتی که می شد در مورد این سرفصل بگن رو گفتند.","1"
"تاییدش میکنم خیلی مفید و مختصر مفاهیم را انتقال دادن","1"
"تسلط مدرس خیلی بالا بود","1"
"مدرس تسلط کافی نداشت","-1"
"به عنوان آموزش عمومی خیلی به دردم خورد.","1"
"خیلی خوب بود. مدرس خوب توضیح می دادند. در کل از مجموعه فرادرس راضی هستم. امیدوارم در آینده آموزش های مربوط به رشته برق بیشتر باشه.","0"
" معمولی بود دنبال یه چیز تخصصی تر بودم.","-1"
"باسلام. خیلی خوب بود.","1"
"ترفند خوبی بود.","0"
"این آموزش برای من مناسب نبود","-1"
"روش تدریس مناسبی نبود","-1"
"خیلی آموزش کمک کننده ای بود.","1"
"تا الان هر چی از آموزش های فرادرس تهیه کردم، برای من خوب بوده. کوتاه بود اما نسبت به هزینه ای که پرداخت میشه باید سنجید.","1"
"با این مطالب آشنا شدم برام حالت اطلاعات عمومی داشت، درکل به نظرم خوب و جالبه.","1"
"مدرس خیلی کمک میکنه و خوب تدریس میکند","1"
"نتیجه ی خیلی خوبی از این آموزش گرفتم","1"
"اگر تمرین های مدرس را به خوبی و با دقت پیش ببرید نتیجه خیلی خوبی میتونید دریافت کنید","1"
"این آموزش تاثیر گذار بود","1"
"خوب بود، تمرین هایی بیان میشد که انجام بدیم که آموزش رو تاثیر گذار کرده بود.","1"
"مدرس قشنگ راهنمایی میکند دوسش داشتم","1"
"استاد عالی تدریس کردند","1"
"جالب بود، جز آموزش هایی بود که دوست داشتم، از نظر محتوایی مدرسشم خیلی خوب صحبت میکرد و مسلط بود.","1"
"سطح آموزش متوسط هست.","0"
"آموزشای دیگه ای هم گرفته بودم ولی این دوره به نسبت هزینه ش خیلی خوب بود.","1"
"نکات خوبی بود آرزوی توفیق","0"
"سلام علیکم خیلی عالی و کامل و از مدرس عزیز کمال تشکر را دارم و آرزوی سلامتی از درگاه خداوند برای ایشان و همکارانشان را دارم .","1"
"روش ها و توضیحات مدرس به کار بردن واقعا ثمر بخش بود فقط ای کاش مثال های بیشتری همراه با تصویر به کار می بردن.","0"
"این آموزش کمکی بهم نکرد","-1"
"زیاد این آموزش برام جلب توجه نکرد که بخوام ادامشو ببینم.","-1"
"مطالب گفته شده کم بود یه مقدار باید بیشتر توضیح میدادن.","-1"
"همه چی آموزش خوب پیش رفت فقط اینکه یه مقدار توضیحات بیشتر ارائه می شد و بیان مدرس یه مقدار تندتر باشه.","-1"
"اطلاعات خوبی رو دریافت کردم","1"
"سلام یه مقدار مثال آموزشی کم بود اگر مثال بیشتری حل می کردن به نظرم محتوا بهتر می شد.","0"
"به نظرم بازم می تونست جزئیات بیشتری داخلش باشه، یه قسمتاییش هم تکراری بود اما خب مجموعه خوبی نسبت به هزینه ای که پرداختمف بود.","0"
"من اصلا متوجه تفاوت این آموزش با آموزش های از این دست فرادرس نمی شدم.انگار محتوا کلا یکیه اما آدم گوینده فقط فرق می کنه.","-1"
"من یه سری توقعات دیگه ای داشتم از این آموزش، فکر می کنم یعنی حدس میزنم که آموزش بیشتر برای دبیرستانی ها مناسب تره.","-1"
"به نظرم جا برای بهتر شدن داره و هنوز کامل نیست کارهای گرافیکی این آموزش کم کار شده.","-1"
"این آموزش برای من کاربردی نبود","-1"
"این آموزش برام کاربرد چندانی نداشت","-1"
"مباحث خيلی باز نکردن به نظرم کلی گويی زياد داشت و به نکته خاصی اشاره نکردن.","-1"
"مدرس از روی تیتر فقط می خوند، اما محتوای قوی و خوبی داشت.","0"
"من مفاهیم اولیه رو بلد بودم و برای مرور استفاده می کنم.","0"
"به نظر من اگه پروژه محورتر ارائه کنید بهتر میشد.","-1"
"من با آموزش های ورد پرس سایت بالا آوردم ولی بعضی جاها مشکل داشتم که خودم مطالعه آزاد کردم در کل خیلی راضیم.","-1"
"در حد خودش خوب بود من راضی بودم ولی سطح آموزشات رو کمی بالا تر ببرید.","-1"
"خیلی خوبه ولی باید آموزش ارتقا پیدا کنند.","-1"
"خیلی تند تدریس میکنن ک باعث جا نیفتادن مطلب میشه و خرید این محصول رو پیشنهاد نمیکنم","-1"
"آموزش یک مقدار برای سطح تکمیلی مطالب کمتری رو داشت و جای پیشرفت به نظرم داره.","-1"
"خیلی خوب و با جزئیات گفته شده بود.","1"
"نسبتا خوب بود، بعضی جاهاش البته خیلی جزئیات گفته نشده بود. انگار از دید یه مدرس تدریش شده بود.","0"
"جزئیات گفته نشده بود","-1"
"با این آموزش تونستم سایتمو راه بندازم.","1"
"تقریبا مشاهده کردم خیلی متوسط بود چون مقدماتی بود باید با زبان ساده تری بیان میشد ولی از نظر زمانی خوب بود.","0"
"درباره ورد پرس پیشینه داشتم این دوره تکمیلش کرد. ممنون","0"
"ولی پیشنهادی که دارم به نظرم نیاز مند به به روز رسانی هستند لطفا پلاگین ها رو به روز رسانی کنید","0"
"سطح ضعیف تری نسبت به مقدماتی داشت","-1"
"این آموزش هنوز جای کار و بهتر شدن دارد","-1"
"یک نقد دارم راجع به ویدیو های فرادرس، اساتید تدریس رو خیلی طولش میدند در حالیکه همون مطالب رو میشه تو زمان کمتری هم گفت.","-1"
"من هم این نقد رو دارم بعضی درس ها واقعا الکی کش پیدا میکنه از طرفی همین وردپرس رو میشد خیلی دقیق تر توضیح داد یا به مسائل بهتری پرداخت","-1"
"توی کارم استفاده می کنم، بعضی قسمتا خیلی با جزئیات بیشتری باید توضیح داده میشد، اما در سطح مقدماتی خوب بود.","0"
"امیدوارم در این زمینه آموزش های تکمیلی تر و به روز تری ارائه کنید.","-1"
"بیان و ارائه مدرس خوب هست اما موردی که وجود داره اینکه سعی کنید محتوای آموزش ها به روز و کامل کنید تا زمانی که شروع به یادگیری می کنیم خیلی نیاز نباشه سراغ منابع دیگه بریم.","-1"
"خوب یاد داده بودند. بهتر بود راجع به افزونه ها، مشکلاتش و نحوه نصبش یک مقدار توضیح می دادند، چون مشخص بود خودشون بلد بودند.","-1"
"ولی اگه بیشتر موضوعات رو توضیح می داد بهتر هم میشد","-1"
"به نظرم باید روی نمونه عملی هم میومد یاد می داد در کل عالیه.","0"
"از نظر من کیفیت این آموزش قابل قبول نبود","-1"
"خیلی خوب بود میتونم بگم کامل همه چی توضیح دادن البته یه سری از مباحث جا داشت توضیحات بیشتری بده","0"
"عالی بود میتوانست قسمت‌هایی بیشتر توضیح داده شود.","0"
"خیلی بهتر از کلاس های بیرون ممنون ازتون.","1"
"بسیارعالی","1"
"تا حدودی خوب بود. آموزش یه جاهایی به روز نبود. ولی در کل اوکی بود.","0"
"خوب و اوکی بود. استاد ولی زاده خوب تدریس می کنند. دوست داشتم.","1"
"خیلی خوب . فقط کاشکی کمی سریع تر و ساده تر میگفتن","0"
"خوب بود. یکمی محیط عملی رو می تونست بیشتر توضیح بده که مثلا داخل رک چطور هست.","0"
"عالی است اما بعضی جاها توضیح کامل و درستی که قابل فهم باشد را نمیگوید ولی در بعضی مواقع","0"
"کاش یک دوره عملی ایجاد شبکه رو هم پیوست بود.","-1"
"دوره خیلی خوبی بود از سطح خیلی ابتدایی شروع کردن و تا آخر دوره به سطح نسبتا بالایی رسیدن.","1"
"خیلی ممنونم خوب بود.","0"
"خوب بود. موردی نداشت. ای کاش پروژه هاش بیشتر بود.","0"
"احسنت به این سواد و توانایی در انتقال مطالب.","1"
"مثال های فراوان و خیلی خوبی داشت","1"
"واقعا آقای ولی زاده بسیار مسلط و با فن بیان بسیار خوب این مسیر رو خیلی برام شیرین تر کردن و نظرم رو کامل عوض کردن","1"
"مفاهیم رو به خوبی متوجه شدم.","1"
"الفبای نرم افزار رو یاد گرفتم، خیلی به من کمک کرد و هزینه آموزش هم خوب بود.","1"
"از فرادرس خیلی خوشم میاد، با هزینه کم اطلاعاتی که برای علم کامپیوترم میخواستم بهم داد.","1"
"آموزش خوب بود، موارد پایه ای رو می گفت، برای کسی که تازه شنیده درک خوبی پیدا میکنه.","1"
"به توضیحات کامل مدرس محترم و تلاش ایشان برای بیان ابعاد مختلف و نیز تسلط به محتوی آموزش ، شیوایی در بیان ، از ایشان بسیار سپاسگزارم. ","1"
"واقعا در همین سطح آموزش فارسی دیگه نداریم که اندازه فرادرس خوب باشه. خداقوت اساسی میگم به فرادرس و تیم خوبتون.","1"
"اون چیزی که از آموزش می خواستم رو یاد گرفتم، سوالات منو که پاسخ داد.","1"
"آموزش خیلی جذاب بود به طوریکه در تمام روز گوش میدادم و اصلا خسته نمی شدم.","1"
"برای من خسته کننده نبود","1"
"سطحش متوسط بود، مطالب تئوری خوبی رو پوشش داده بود و تقریبا میشه گفت آموزش کاملی بود.","0"
"فرادرس همیشه کارش درسته و تا حالا هر آموزشی از سایت فرادرس گرفته ام راضی بودم و برام خیلی کاربردی و مفید بوده و هست.","1"
"این آموزش خوبی بود، قشنگ و دقیق میرفت سراغ اصل مطلب.","1"
"استاد خیلی خوب بود، سعی کرده بود تا جایی که میشه با بیانی خوب و شیوا آموزش رو تدریس کنند.","1"
"خودم تو این زمینه کار کردم و اطلاعات دارم، این دوره رو برای برادرم گرفتم که اطلاعات خیلی کمی در این حوزه داشت و با این آموزش تونست نتیجه بگیره.","1"
"خیلی خوب تدریس کردن خصوصا برای کسیکه هیچ شناختی نداره فقط از مدرس عزیز تقاضا دارم برای ادامه یادگیری دروس بعدی رو و ترتیب اونهارو معرفی کنند","1"
"مدرس از لحن بیان و تدریس مناسبی برخوردار هستند","1"
"آموزش ها نسبت به قیمت بصورت خوب و کاملی توضیح داده شده من راضی بودم","1"
"اسلاید ها خوب و کاربردی بود و همچنین توضیح عملی هم داشتن","1"
"الان تا وسطای آموزش رو دیدم به نظرم عالیه. از تصاویر خیلی استفاده می کنند و زیر به ریز توضیح میدند.","1"
"نسبت به قیمتش عالی بود، همین آموزش رو از جای دیگه باید کلی پول بدیم؛ کیفیت قابل قبولی داشت.","1"
"راضی بودم اطلاعات عمومی و تخصصی خوبی رو بهم منتقل کرد.","1"
"عالی، هم از نظر محتوای و هم از نظر کیفیت ویدئو و تسلط مدرس.","1"
"بیان خوب و شیوا سرعت تدریس عالی .کمی هم نمونه سوال برای هر مبحثی حل میکردین عالی میشد ولی در مجموع حرف نداشت","0"
"آموزش بسیار مناسب و خوبی بود","1"
"متاسفانه خیلی سطحی و خلاصه بود. اصلا به درد نخورد و بیخود ام وقتتون رو نگیرید.","-1"
"سلام. وقت بخیر. برای ضبط فیلمها واقعا حوصله به خرج ندادید و با عجله و بی کیفیت رکورد شدن که ارزش مجموعه رو پایین آورده.","-1"
"مطالب خوب توضیح داده شده دوستان، ولی فقط به صورت سطحی هستش، اگر استادتون گیر باشه، برین آموزش شبکه رو تهیه کنید بهتره","-1"
"فهم لایه ها برام سخته... با وجود اینکه خیلی توضیح دادن اما چیزی نفهمیدم. اصلا چرا لایه هارو داریم؟ و  سوالات دیگه که حین تدریس تو سرم میچرخیدن","-1"
"عالی بود اگه تهیه نکردید توصیه میکنم بگیرید چون ضرر نمیکنین","1"
"خیلی عالی بود. مطالب به صورت کاملا روان توضیح داده شده، بود برای خرید اصلا شک نکنید.","1"
"متاسفانه خیلی کامل نیست و لازم هست که خیلی تکمیلی تر و پخته تر و با همین مدرس آموزش دیگری ارائه کنید","1"
"خیلی با مطالب دانشگاهی مطابقت داشتند و اینکه می تونستی به صورت آنلاین مشاهده کنی خیلی راحتی کار رو بالا برد.","1"
"با توجه به محتوایی که گفته شد خوبه. می شد فهمید چکار می کنند و توضیحاتشون کامل هست.","1"
"خیلی خوب هست.","0"
"مدرس هستم از محتوای این آموزش تو تدریس استفاده کردم در واقع کمکم کرد که مطالب بیشتری برای ارائه داشته باشم.","1"
"خیلی خوب بود استفاده هم کردم. من خیلی از آموزشاتون استفاده کردم به دانشجو هامم پیشنهاد می کنم. آموزشای فرادرس جامع و کامل هستند و واقعا ده برابر هزینه ای که پرداخت می کنید، خدمات (آموزش) دریافت می کنید.","1"
"مدرس در انتقال مطالب خیلی توانمند بودن.","1"
"قبلا که این دوره رو گذرونده بودم یک سری نکات مبهم برام باقی مونده بود که این ویدیو روشنم کرد. بخش سابمتینگ رو خیلی خوب توضیح دادند. دستتون درد نکنه","1"
"من تا دو قسمت اولو دیدم، تا اینجا که راضی کننده بود.","1"
"استاد قدت بیان بالایی دارند و به همین دلیل توی انتقال و دریافت مطالب خیلی با مشکل مواجه نمیشی.","1"
"مدرس به دلیل تسلطی که روی مباحث داشتن خیلی خوب همه چی توضیح دادن.حتوا برای من کاربردی و مفید بود.","1"
"دوره شبکه رو میخواستم شرکت کنم به همین دلیل این دوره از سایت شما تهیه کردم یه جاهایی برام نامفهوم بود ولی به نظرم خیلی مفید و کاربردی.","0"
"همراه این آموزش، آموزش امنیت شبکه های کامپیوتری تهیه کردم خیلی عالی بود. کاربردی، مفید و جامع بود.","1"
"به نظرم یه سری از مباحث نیازی به گفتن نداشت و می شد یه مقدار عمیق تر و سطح بالاتر مطالب می گفتن.","-1"
"نوع آموزش برام جذاب بود آموزش های فرادرس یه چیز جمع و جوریه که امکان توسعه و پیشرفتن هم داره.","1"
"با تشکر از استاد گرامی","1"
"طبق گفته ها از صفر نبود.","-1"
"یکی از آموزشهای مناسب برای فراگیرندگان زبانهای برنامه نویسی است","1"
"خوب و عالی از صفر شروع کردن. من برای پروژه دانشگاهم این آموزش رو برداشتم خیلی بدردبخور بود.","1"
"من که دوست داشتم","1"
"عالی هست واقعا برای مبتدی ها خوبه.","1"
"خوب بود و خیلی آموزش آموزنده و کمک کننده ای بود از نظر من.","1"
"واقعا لذت بردم. کسی که با معلومات صفر بشینه پای حرف ایشون خیلی یاد می گیره.","1"
"برای کسی که از صفر بخواد یاد بگیره خیلی خیلی آموزش خوبی بود. مرسی از آموزش های خوبتون.","1"
"خیلی خوب و اموزنده","1"
"من چندسال هست که دارم با این آموزش پیش میرم و خودم تو حوزه کامپیوتر ازش استفاده می کنم. تشکر ویژه از فرادرس.","1"
"عالی بود","1"
"واقعا مفید بود و برای کسی که تازه جاوا رو شروع کرده میتونه یکی از بهترینها باشه","1"
"تئوری رو خوب آموزش دادن اما مثال ها کاربردی نبود و بیشتر به مسائل ریاضی پرداخته شد مثل حل معادله درجه 2، ترسیم کمان","-1"
"خوب نبود متاسفانه، میتونست بهتر باشه و مفهومی نبود ...","-1"
"برای دیدن این آموزش حتما باید یه چیزایی از قبل بلد باشی. آموزش خیلی خوبیه.","0"
"خوب بود. از نظر من کامل بود.","1"
"به زبان ساده توضیح داده شده بود و پیچیده نبود. موضوعات کاملا طبقه بندی شده و به روز شده بود.","1"
"اسلاید ها به زبان فارسی بود خیلی بهتر بود","0"
"عاااالی بود، مباحث که باید توی آموزش داده کاوی باشه کاملا با مثال توضیح داده شده.","1"
"بیان استاد بسیار خسته کننده است به طوری که احساس می کنی یک ربات در حال صحبت کردنه جزوه و توضیحات نامفهوم.","-1"
"توضیحات استاد نامفهوم و خسته کننده بود.","-1"
"دوره ارائه شده مباحث داده کاوی را پوشش می دهد ولی با توجه به گستردگی مطالب بهتر میبود که دوره به چند دوره مجزا تقسیم شود.","0"
"حجم مطالب ارائه شده در هر اسلاید زیاد و گاها باعث حواس پرتی و کسل کنندگی می شود","-1"
"این آموزش بسیار بسیار ناامید کننده ست.","-1"
"از این آموزش خیلی ناامید شدم","-1"
"متاسفانه فن بیان استاد بسیار یک‌نواخت است که باعث می‌شه فقط دقایقی پس از شروع آموزش، خستگی و پرش‌ذهن شدیدی سراغ فراگیر بیاد.","-1"
"لحن استاد خیلی یکنواخت و خسته کننده است","-1"
"در مورد لحن و سرعت بیان مطالب توسط استاد، هرچند که میتونست کمی بهتر باشه، اما به هرحال قابل استفاده هست","0"
"یه مشکلی که در سایت وجود داره کندی سایت هست لطفا این مورد در نظر داشته باشید","-1"
"چند قسمت آموزش دیدم خوب بود و مشکل خاصی نداشت فقط سریع رد می شود توضیحات بیشتری اگر ارائه میشد فکر کنم مناسب تر بود","0"
"پیشنهادی که دارم اینکه لطفا آموزش های متن کاوی ارائه کنید البته با همین مدرس.","0"
"من تنها یک بخش از این آموزش رو احتیاج داشتم و بررسی کردم. این آموزش توضیحاتش برام خوب بود و من راضی بودم و تمام نکات رو توضیح دادن","1"
"سلام ممنون از مطلب خوبتون. این مطالب هم به نظر خوب بودن","1"
"به نظر من شیوه بیان استادخیلی ضعیف است. این آموزش برای کسانی خوب است که از قبل با مباحث داده کاوی آشنایی داشته باشند زیرا جامعیت مطالب خیلی خوب است.","-1"
"این استاد در ارائه مباحث و تدریس ضعیف است","-1"
"تنها نقطه ضعفی که احساس می‌کنم این هستش که صدای مدرس در طول تدریس خیلی یکنواخت و ثابت هستش","-1"
"Pdf به زبان فارسی بود خیلی بهتر بود.","0"
"با سلام.آموزش نسبتا خوبی بود.","0"
"بد نبود به نسبت آموزش خوبیه","0"
"تقریبا میشه گفت آموزش خوبیه","0"
"مباحث که باید توی آموزش داده کاوی باشه کاملا با مثال توضیح داده شده.","1"
"استاد از مثال های خوبی استفاده کرده بود","1"
"خوب بود ولی نیاز به مثال های بیشتری بود","0"
"مدرس از مثال های خیلی کمی استفاده کرده بود و تنوع نداشت","-1"
"حجم مطالب ارائه شده در هر اسلاید زیاد و گاها باعث حواس پرتی و کسل کنندگی می شود","-1"
"کلاس خیلی خواب آور و یکنواخت بود","-1"
"آموزش خوبی بود ولی میتوتست تنوع بیشتری داشته باشد","0"
"آموزش خوبی بود ولی کاش مثال های بیشتری زده میشد تا مطلب جا بیوفتد","0"
"محتوای دوره کامل و جامع بود اما سرعت تدریس استاد کند بود","0"
"با تشکر از آموزش خوبتون اگر سرعت تدریس بیشتر میشد بهتر بود","0"
"کامل ترین آموزش بود.","1"
"کامل بود و نکات خوبی را تدریس کردند.","1"
"مدرس به خوبی و کامل درس داد","1"
"خوب بود، اما به نمونه های بیشتری نیاز داشت","0"
"معلم از مثال های بسیار کمی استفاده کرد و تنوع نداشت","-1"
"مقدار محتوای نمایش داده شده در هر اسلاید بسیار زیاد است و گاهی باعث حواس پرتی و کسالت می شود","-1"
"دوره خوبی بود اما سوالات باید متنوع تر باشد","0"
"این درس خوبی بود، اما ای کاش مثال‌های بیشتری برای مناسب‌تر شدن مطالب ارائه می‌شد","0"
"محتوای دوره مفصل و جامع بود، اما سرعت مربی آهسته بود.","0"
"ممنون از تدریس خوب شما، بهتر است سرعت آموزش بیشتر باشد","0"
"به نظر من ارتباط معلم بسیار ضعیف است. این آموزش برای کسانی که با پروژه های داده کاوی آشنا هستند خوب است، زیرا اطلاعات به خوبی پوشش داده شده است","-1"
"تنها نقطه ضعفی که احساس می کنم این است که صدای معلم در طول درس بیش از حد یکنواخت و ثابت است","-1"
"بیان معلم آنقدر خسته کننده است که احساس می کنید یک ربات با بروشورها و توضیحات نامفهوم صحبت می کند.","-1"
"دوره ارائه شده مباحث داده کاوی را پوشش می دهد، اما با توجه به گستردگی محتوا، بهتر است دوره به چند دوره جداگانه تقسیم شود.","0"
"مقدار محتوای ارائه شده در هر اسلاید بسیار زیاد است و گاهی اوقات می تواند حواس پرتی و خسته کننده شود","-1"
"متاسفانه تکنیک صحبت کردن معلم بسیار یکنواخت است که باعث می شود دانش آموز بعد از چند دقیقه شروع آموزش احساس خستگی کند.","-1"
"با توجه به حجم و سرعت ارائه استاد اگرچه می‌توانست بهتر باشد اما باز هم می‌توان از آن استفاده کرد","0"
"مشکلی در سایت وجود دارد، کند است، لطفاً به این توجه کنید","-1"
"قسمتی از آموزش رو دیدم، خوب بود و مشکل خاصی نداشت، فقط سریع گفته میشه، اگه توضیحات بیشتر باشه فکر کنم مناسب تر باشه","0"
"پیشنهاد من این است که آموزش ماینینگ را با یک مربی ارائه دهید.","0"
"اسلایدها فارسی بود بهتر بود","0"
"آنها تئوری را به خوبی آموزش دادند، اما مثال ها عملی نبودند و عمدتاً به مسائل ریاضی می پرداختند.","0"
"متاسفانه خوب نبود، می‌توانست بهتر باشد و معنی نداشت","-1"
"آموزش خیلی خوبیه اما برای تماشای این آموزش باید قبلا دوره ای دیده باشید.","0"
"من می خواستم در دوره آنلاین شرکت کنم، به همین دلیل این دوره را از وب سایت شما خریدم. برخی از قسمت ها برای من گیج کننده بود، اما آن را بسیار مفید یافتم.","0"
"به نظر من نیازی به صحبت در مورد یک سری موضوعات نیست و می توان آنها را با جزئیات بیشتر و در سطح بالاتری مورد بحث قرار داد.","-1"
"متاسفانه خیلی بلند و کوتاه است. ارزشش را ندارد، وقت خود را تلف نکنید.","-1"
"سلام.موفق باشید. زحمتی برای ضبط ویدیو نداشتید و خیلی سریع و با کیفیت پایین ضبط شد که کیفیت مجموعه را پایین می آورد.","-1"
"بچه ها مطالب به خوبی توضیح داده شده است، اما فقط سطحی است. اگر استاد شما گیر کرده است، بهتر است بروید و برای آموزش شبکه آماده شوید.","-1"
"درک لایه ها برای من سخت است. او خیلی توضیح داد اما من چیزی نفهمیدم.","-1"
"بیان خوب و شیوا، سرعت عالی در تدریس. شما می توانستید چند نمونه سوال برای هر مبحث حل کنید اما در کل خوب بود","0"
"سطح متوسط است، مطالب تئوری را به خوبی پوشش می دهد و می توان گفت آموزش کاملی است.","0"
"خوب. کاش پروژه های بیشتری وجود داشت.","0"
"کاش در زمان کمتر و آسون تر میگفتن","-1"
"خوب، کاش محیط پیاده سازی و عملی  با جزئیات بیشتری گفته میشد.","0"
"عالی اما بعضی جاها به طور کامل و درست توضیح داده نشده","0"
"تا حدی خوب بود. ترکیب بعضی جاها به روز نبود. اما در کل خوب بود.","0"
"به نظرم خیلی متوسط بود چون مقدمه بود، باید به زبان ساده گفته می شد، اما زمان بندی عالی بود.","0"
"من با وردپرس آشنایی داشتم، این دوره را گذراندم. ممنون","0"
"اما پیشنهاد من، فکر می کنم باید به روز شوند، لطفا افزونه ها را به روز کنید","0"
"ضعیفتر از دوره مقدماتی بود","-1"
"در مورد سخنرانی های تصویری انتقاد دارم، اساتید زمان زیادی برای تدریس دارند، اما مطالب را می توان در زمان کوتاهی آموزش داد.","-1"
"من هم این انتقاد را دارم. برخی از درس ها واقعا خسته کننده هستند. از طرف دیگر، وردپرس را می توان با جزئیات بیشتری توضیح داد یا موضوعات را می توان بهتر پوشش داد.","-1"
"من برای کار از آن استفاده می کنم، برخی از قسمت ها باید جزئیات بیشتری داشته باشند، اما برای سطح پایه خوب بود.","0"
"ارائه مدرس خوب است، اما نکته اینجاست که سعی کنید محتوای مطالعه را به روز کنید و تکمیل کنید تا هنگام شروع مطالعه مجبور به مراجعه به منابع دیگر نباشیم.","-1"
"آنها به خوبی آموزش دادند. می توانستند کمی بیشتر در مورد افزونه ها، مشکلات آنها و نحوه نصب آنها توضیح دهند، زیرا واضح است که آنها آن را می دانند.","-1"
"به نظر من باید با مثال عملی آموزش داده شود. در کل خیلی خوب است","0"
"خیلی خوب بود، میتونم بگم همه چیز کامل توضیح داده شد، البته جای چند مثال بود، لطفا بیشتر توضیح بدید","0"
"عالی بود، بعضی قسمت ها را می شد بیشتر توضیح داد.","0"
"نسبتا خوب بود، بعضی جاها جزئیات زیادی وجود نداشت.","0"
"اگر مثال های بیشتری را حل کنید فکر کنم مطالب بهتر باشد","0"
"فکر می‌کنم جزئیات بیشتری در آنجا وجود داشته باشد، برخی از آنها تکراری هستند، اما به نسبت قیمتی که پرداخت کردم مجموعه خوبی است.","0"
"من انتظارات متفاوتی از این برنامه داشتم، فکر می کنم این بدان معناست که این برنامه برای دانش آموزان دبیرستانی مناسب تر است.","-1"
"فکر کنم جای پیشرفت هست و هنوز کامل نشده. کار گرافیکی این آموزش کم و ضعیف ارائه شده است","-1"
"این آموزش برای من خیلی مفید نبود","-1"
"بحث را خیلی باز نکردن و کلی است و فکر می کنم نکته خاصی وجود ندارد","-1"
"معلم فقط از روی عنوان خوانده بود، اما محتوا قوی و خوب بود.","0"
"من مفاهیم اولیه را می فهمم و از آنها برای بررسی استفاده می کنم.","0"
"با آموزش های وردپرس سایت رو دوباره زنده کردم ولی بعضی جاها مشکل داشتم برای همین خودم مطالعه رو باز کردم در کل خیلی خوشحالم","-1"
"آنها خیلی سریع آموزش می دهند، این آموزش مناسب نیست و من خرید این محصول را توصیه نمی کنم","-1"
"آموزش برای سطح پیشرفته مشکلاتی داشته است و من فکر می کنم جایی برای پیشرفت وجود دارد.","-1"
"تکنیک‌ها و توضیحات استاد واقعاً مفید بود، اما کاش از مثال‌های بیشتر همراه با تصویر استفاده می‌کردند.","0"
"در مجموع، آموزش به خوبی پیش رفت، اما فقط برخی از توضیحات ارائه شد و معلم کمی بیش از حد سریع صحبت کرد.","0"
"خیلی خوب بود استاد خوب توضیح دادند در کل از دروس تکمیلی راضی هستم امیدوارم در آینده دروس مرتبط با رشته برق بیشتر بشه","0"
"کلاس خوب است، اما نیاز به توضیح بیشتر و مثال های منطقی برای هر موضوع دارد","0"
"با تشکر از شما معلم عزیز. مثال به دقت مطالعه نشده است و بسیار سطحی است، بسیار کمتر از حد انتظار.","-1"
"این آموزش مفید نیست، مطالب گنگ و متناقض است. جلسات آموزشی بدون ارائه مدرک و فقط عنوان گفته میشود. پول خود را هدر ندهید","-1"
"عالی است. من آن را برای دانشگاه گرفتم، اما کلی است و من جزئیات بیشتری در مورد دانشگاه می خواهم","0"
"این آموزش زمانی که منتشر شد خوب بود، اما باید به روز شود زیرا بازارهای مالی در حال تغییر هستند.","-1"
"کلاً آموزش خوبی بود اما اگر تخصصی تر بود بهتر بود.","0"
"سخنرانی هایشان خیلی خوب بود. از نظر موضوعات، در مقایسه با آنچه در دانشگاه یا جاهای دیگر تدریس می کنند، زیاد نیست، اما خوب بود","0"
"من فکر می کنم توضیحات و عبارات استاد خوب است. ممنون","0"
"مفهوم خیلی خوب است، اما اگر مثال ها و فرمول های بیشتری وجود داشته باشد بهتر است.","0"
"مساله عرضه، تقاضا و کشش که یکی از مباحث مهم اقتصاد خرد است، مطرح نشده است.","-1"
"این ممکن است برای یک مطالعه مروری خوب باشد، اما برای یک مطالعه جامع مفید نباشد","0"
"خیلی ساده بود ولی قشنگ بود. تعبیرشون هم قشنگ بود","0"
"دو ویدیوی اول خوب بود، اما توضیحات در دو ویدیوی آخر گنگ و نامفهوم بود.","-1"
"خوب بود، اما می‌توانست کامل‌تر باشد.","0"
"مباحث خیلی سریع گفته شده و واضح نیستند.","-1"
"خوب، کوتاه و مفید بود، اما می‌توانست محتوای بیشتری داشته باشد.","0"
"خیلی کامل و در کل خوب بود. فکر می کنم اگه آپدیت بشه خیلی بهتر میشه.","0"
"از منظر کلی و بصری، عالی، اما از لحاظ تخصصی و عمق داستان، جای توضیح بیشتری داشت و لازم بود وارد جزئیات شود","0"
"مطالب خیلی عمیق نیست، کاش با جزئیات بیشتر توضیح می دادند، اما فقط اصول را توضیح می دادند.","-1"
"خیلی خوب و مسلط بودند. فقط بخشی از آموزش را در فایل پی دی اف گذاشتند و هیچ آموزشی را در قسمت ویدئویی نداشتند، اما از نظر آموزشی عالی بودند.","0"
"در مجموع آموزش خوبی بود، اما اگر آنها به جزئیات بیشتری می پرداختند بسیار مفیدتر بود.","0"
"در سطح مقدماتی خوب بود و خیلی کلی توضیح دادند مثلا من میخواستم تست بزنم و غیر از این آموزش به منبع دیگری نیاز داشتم","-1"
"آموزش بسیار سریع و فقط با ذکر عنوان یا تیتر بود به خصوص در تعریف نمودار قیمت و ساختار بازار","-1"
"درس را به خوبی توضیح ندادند و همچنین خیلی سریع و بدون مثال واضح صحبت کردند.","-1"
"فکر می کنم اسلایدها و تدریس با عجله آماده شده و استاد می توانست هنرمندانه تر تدریس کند","-1"
"نکات جدیدی داشت، بسیار مناسب برای مبتدیان.","0"
"معلم خیلی خوب توضیح داد، اما فکر می کنم اگر داستان را کمی بیشتر می گفت بهتر بود.","0"
"این یک آموزش خوب برای به خاطر سپردن موضوعات مرتبط بود، اما همه موضوعات مورد بحث قرار نگرفتند.","0"
"فکر می کنم اگر مثال ها و فرمول های بیشتری می آورد بهتر بود. تنها مفاهیم را گفتن.","-1"
"نکات جدیدی داشت، بسیار مناسب برای مبتدیان","0"
"معلم خیلی خوب توضیح داد، اما فکر می کنم اگر درس را کمی بیشتر می گفت بهتر بود.","0"
"این یک آموزش خوب برای به خاطر سپردن موضوعات مرتبط بود، اما همه موضوعات مورد بحث قرار نگرفتند.","0"
"آموزش خوبی بود که ما را به یاد موضوعات مرتبط انداخت، اما همه موضوعات را نداشت","0"
"معلم خیلی مهربان و دلسوز بود اما گاهی اوقات توضیحاتش کافی نبود.","0"
"مدرسان شما عالی هستند، اما گاهی اوقات می خواهم موضوعات پیچیده تری را بررسی کنم.","0"
"خدمات شما به من اعتماد به نفس بیشتری می‌دهد، اما گاهی اوقات می‌خواهم موضوعات مختلف بیشتری را بررسی کنم.","0"
"من از دوره شما استفاده کردم و از آن لذت بردم، اما گاهی اوقات می خواهم موضوعات مختلفی را بررسی کنم.","0"
"دوره های شما برای همه سطوح مناسب است، اما گاهی اوقات می خواهید موضوعات پیشرفته تری مطالعه کنید.","0"
"توصیه شما به من کمک کرد تا مسیر تحصیلی ام را انتخاب کنم، اما گاهی اوقات احساس می کنم نیاز به مشاوره بیشتری دارم.","0"
"من از سخنرانی های شما راضی هستم، اما گاهی اوقات می خواهم موضوعات متنوع تری را بررسی کنم.","0"
"خدمات شما به من کمک کرد مهارت های جدیدی بیاموزم، اما گاهی اوقات احساس می کنم کمبود تنوع دارم.","0"
"من از آموزش های شما راضی هستم، اما گاهی اوقات می خواهم موضوعات پیچیده تری را بررسی کنم","0"
"خدمت شما برای آمادگی امتحان بسیار خوب است. اما گاهی اوقات می‌خواهم موضوعی را عمیق‌تر بررسی کنم.","0"
"تدریس استاد خوب نبود و خوب توضیح نمیدادن","-1"
"توضیحات مدرس خیلی خوب بود و در کل آموزش خوب و لذت بخش بود.","1"
"قسمت هایی که در مورد هوش مصنوعی گفتن خیلی عالی بود.","1"
"از این آموزش راضی بودم خیلی","1"
"خیلی خوب بود تنها ایرادی که میتونم بگیرم این بود که باید از مثال دیگری استفاده میشد","0"
"من از آموزش راضی بودم. فقط کاش فصل های بعد هم بود.","1"
"دوره خوبیه و قشنگ توضیح میده.","1"
"خوب و کاربردی بود خیلی راحت و ساده مطالب را مدرس بیان کردند و پیچیدگی خاصی نداشت.","1"
"اموزش خوب و جامعی هست ولی میتوانست با جزییات بیشتری باشد","0"
"سلام.دوره خیلی عالیه، من قبلا یه دوره دیگه خریده بودم ولی چندان چیزی دستگیرم نشده بود و وقتی این دوره رو شروع کردم انگار حفره های خالی یادگیریمو پر کرد. ","1"
"خیلی خوب بود. فرآیند آموزش به صورت پله به پله با مثال و تدریجی موارد رو توضیح می دهند. مفهوم رو خوب جا انداختند برای من.","1"
"بد","-1"
"آموزش خوبیه من کلا راضیم نکات کلیدی داره و همچنین تدریس قابل فهمه.","1"
"ای کاش این آموزش با تغییرات بسیار زیاد ورد پرس update شود.","-1"
"عالیه خیلی عالی درس میدن و ساده و کامل","1"
"سریع میگه و رد میشه ادم گیج میشه و حالت کتابی درس میده انتظار کامل یادگرفتن نداشته باشین.","-1"
"واقعان عالی بود امیدوارم باقی قسمت ها با همین حوصله و کفیت باشه","1"
"کامل و با جزئیات تدریس شده است. فهم ساده و راحت.","1"
"آموزش خوبی بود و در کل نقطه قوت آموزش های فرادرس اینه که هر زمان بخوایم به آموزش دسترسی داریم.","1"
"خیلی به من کمک کرد این آموزش و کاربردی بود و من تونستم سایتمو درست کنم باهاش.","1"
"آموزش ها عالی بود. ممنونم از استاد هاشمیان. فقط ای کاش نحوه راه اندازی در direct admin رو هم به انتهای آموزش اضافه کنید. متشکرم","0"
"در حد راه اندازی سایت معمولی بود به نظرم خیلی اکیه.","0"
"من از قبل آشنا بودم به این برنامه و الان که دیدم این آموزش رو دیدم کامل کامل بود.","1"
"خیلی خوب و با جزئیات و کامل توضیح دادند.","1"
"اگر امکانش هست با توجه به تغییرات مداوم دوره آپدیت بشه...","0"
"کیفیت صدا و تصویر بسیار عالی بود. حجم مطالب خیلی خوب بود. محتوا نسبت به هزینه خیلی ارزشمند بود.","1"
"از دید بنده واقعا آموزش کامل و مناسبی برای شروع از صفر هستشمرسی از استاد عزیز برای آموزش مناسب.","1"
"تونستم با دیدنش سایت رو یه مقدار بالا بیارم. عالی بود.","1"
"تا جایی که دیدم راضی بودم. خیلی گام به گام جلو می رفت. بی نقص و مفید بود. آموزش ها از لحاظ هزینه و فراگیر بودن خیلی خوبه. یه مورد دیگه اینکه قبل از خرید توضیحات آموزش خیلی کامله. دقیق توضیح داده پیش نیاز آموزش چیه. از صفر صفر شروع میشه هر آموزش.","1"
"کاش قسمت خطاهای رایج رو عملی نشون میدادن","0"
"بدیش این بود که ایشون تو موقعیت لوکال داشتند کار میکردند با اینکه میشد تو هاست واقعا این مراحل رو رفت.","-1"
"یه بخشی از آموزش رو دیدم، گذری یعنی دیدم و نحوه بیان کلا برای من خیلی مهمه که خب خوب بیان کردند.","1"
"خیلی آموزش روان و کاربردی بود.","1"
"آموزش عالیست فقط لطفاً آموزشی جدید تر قرار دهید.","1"
"خوب بود. ساده و کامل توضیح می دادند. آموزش به روزی بود. لحن و بیان مدرس مناسب بود.","1"
"من هیچی از ورودپرس نمیدونستم،الان خیلی فهمیدم و یادداشت برداری کردم.","1"
"ممنون از مجموعه فرادرس، اساتید محترم و استاد دوره وردپرس","1"
"یه توضیح اجمالی داده بودن اما بازم خوب بود.","0"
"خوب بود، علاقمند بودم به این آموزش و دوره کاملی بود.","1"
"اموزشات خوب هستن ولی قدیمی اند ورد پرس بروز الان ویژگی های متفاوتی داره با اموزشات فرق داره","-1"
"از آموزش های فرادرس خیلی راضیم. اساتید عوام رو در نظر میگیرن که این نقطه قوته فرادرسه.","1"
"یکم قدیمی بود ولی در کل دیدنه این مطالب خالی از لطف نیست.","0"
"از لحاظ استاد و بیانشون و سرفصل ها و کیفیت آموزش میتونم بگم هیچی کم نداشت.","1"
"متوسط رو به بالا بود میشه به عنوان یه آموزش خوب بهش نگاه کرد.(خوبه رو به بالا)","0"
"خیلی ساده و مبتدی بود و بایستی توضیحات تکمیلی برای کسانی که می‌خواهند آموزش مقدماتی داشته باشند ارائه گردد.","0"
"دوره خیلی کاملی بود، نیاز داشت به صبر و حوصله اما همین که خیلی مساله ها رو مدام تکرار می کردن باعث میشد تو ذهن بمونه.","1"
"خیلی تئوری بود، فکرکنم نیازی نیست","-1"
"یه کم نیاز بود که به روزتر بشه. ممنون.","0"
"سلام تدریس عالی هست و عملی و باحوصله . اما کاش فایلهای مورد نیاز رو هم در اختیار کاربر بزارید مثل قالب فلت سام یا خود زمپ و .....","0"
"یه قسمت هاییش که نیاز داشتم و به دردم خورد، آشنایی پیدا کردم و باهاش تونستم کار کنم.","1"
"عالییی بود، من کلا بر اساس اون نتیجه ای که میخوام بهش برسم آموزش ها رو مسنجم، که با دیدن این آموزش به نتیجه دلخواهم رسیدم.","1"
"بسیار خوب بود.نیاز من رو به طور کامل برطرف کرد.با تشکر از مجموعه خوب شما.","1"
"آموزش خوبيه فقط كامل نيست و اگه بخواين پيشرفت كنين صد درصد بايد پروژه بزنيد.","-1"
"آموزش خوبی بود.متشکرم","1"
"در مجموع رضایت بخش نبود چون آموزش منو محور جذابت و کششی نداره.شاید اگر یک وبسایت از صفر تا صد طراحی میکردن و توضیحات هر بخشو زمان درست کردنش میدادن بهتر از این بود که برای هر بخش مثال جدا بیارن.","-1"
"آموزش ها یه مقدار کم و کاستی داره اما برای یادگیری اولیه و شروع میتونیم روی آموزش ها حساب باز کنید و مباحث اولیه رو به خوبی میتونید یاد بگیرید.","0"
"دوره خوبیه اطلاعات خوبی داخلش داشت و استاد به موضوع تسلط داشتند.","1"
"مباحث سنگین و تخصصی بود!","0"
"شیوه بیان استاد خوبه ولی یه جاهایی دیگه خیلی توضیح میدادند.","0"
"یه کمی کند بود ولی در کل خوبه.","0"
"در حد متوسط بود.","0"
"عالی بود، مدرس مسلط هستن و مطالب کیفیت لازم داره.","1"
"تسلط و بیان خیلی خوبه ولی بهتر بود یه مقدار مباحث بیشتر توضیح میدادن به نظرم خیلی مقدماتی.","0"
"بد بود.","-1"
"این آموزش بد بود و مفید نبود.","-1"
"تدریس استاد بد بود","-1"
"اموزشگر در ابتدا شمای کلی از اکسس نمیدهد و صرفا به اموزش تکنیک میپردازد","-1"
"برای شروع خوب است.","0"
"برای مبتدی‌ها بسیار مفید و کاربردی است.","1"
"خیلی تکمیل و سریع و مسلط","1"
"خیلی خوب","1"
"روند تدریس کند و آهسته بود.","-1"
"استاد تاکید بیش از اندازه روی مباحث غیرمهم داشتن","-1"
"ویژگی بد این آموزش این بود که ضعیف در نظر گرفتن  درس‌آموز در درک محتوای آموزش","-1"
"عدم در نظر گرفتن محوریت آموزش به صورت معرفی پروژه","-1"
"با صرف زمان کوتاه و اطلاعات کلی درباره نرم افزار خوب است.","0"
"واسه من ک حوصله حاشیه زیادی در تدریس ندارم عالی بود مستقیم به همه ی موارد اشاره می شد","1"
"خیلی خوب بود ممنون","1"
"واقعا عالیه، یعنی اگر رایگان نبود و باید هزینه ای پرداخت میشد صد در صد میخریدم","1"
"جناب استاد اگر استپ اکسس و بقیه برنامه ها را بزارید ممنون میشیم.","0"
"خوب است. اگر مثالهای بیشتری می زد، بهتر بود.","0"
"برای سطح مبتدی خوب نیست درکل برای سطح متوسطه خوبه.","-1"
"آموزش مناسبیه برای مبتدیان و کسایی که فقط یه پیش زمینه ای میخوان از ایلستریتور داشته باشن، ولی جامع نیست.","0"
"من اینو نه برای کارم و نه برای درسم تهیه نکردم، بیشتر برای اطلاعات شخصی و عمومی خودم اومدم سمت این آموزش. کلا منبع و سرفصل های قوی ای داشت.","1"
"استاد بسیار مسلط و تدریس برای سطح ابتدایی مناسبه","1"
"عالی بود و کامل نگاه کردم و دوباره از اول دارم نگاه می کنم. خیلی خوب توضیح می دادن و من هیچ آشنایی در این خصوص نداشتم اصلا.","1"
"لطفا آپدیت ۲۰۲۳ رو هم آموزش بدید","0"
"میتوانست کاربردی تر و براساس ترند روز باشد","0"
"خیلی ساده و خوب توضیح میدن اصلا خسته کننده نیست،راضیم","1"
"تشکر آموزش کامل و بسیار عالی بود، اما اگر پایان هر درس تمرینی هم ارائه می شد خیلی بهتر بود.","0"
"یه جاهایی از آموزش رو دیدم به دانشجویانم پیشنهاد دادم جواب داده.","1"
"برای منی که هیچ آشنایی نداشتم خوب بود، اگه کامل تر بشه خوب تره.","0"
"سلام . سرعت اموزش زیاده به مشکلات احتمالی اشاره نمیشه و به سوالات پاسخ داده نمیشه دانشجو برای شروع درست یاد نمیگیره ! ","-1"
"این آموزش خیلی کامل و راضی کننده بود. تمام نیاز من رو برطرف کرد. اما سرعت تدریس آهسته بود، ولی اگر با دور تند مشاهده کنید مشکلی نیست. در کل عالی بود.","0"
"بی نظیر،  بی بدیل،  بی همتا","1"
"کیفیت خوبی داشت مدرس مسط بودند و از تصاویر خوبی برای اسلایدها استفاده شده بود.","1"
"خیلی مسلط هستن و عالیه این اموزش اضافه گویی اصلا ندارند که خوابت بگیره هنگام اموزشحلالش باشه کلا","1"
"نکته ریز و اساسی زیاد داشت. به نظرم میشه برای یادگیری بهش اکتفا کرد.","1"
"واسه فرمول پیچیده تر توضیح خاصی ندادن و از یه فایل اکسل کپی کردن. تنها ایراد همین بود ، بقیه قسمتها کاملا کاربردی و شفاف","0"
"با کیفیت و مسلط","1"
"تک و توک دیدم و برای کارای دانشگام از این آموزش استفاده کردم. مشکلی هم با روش تدریس آموزش اصلا نداشتم. مرسی.","1"
"خوب و مفید ممنون","1"
"بد بود.","1"
"فقط می تونم بگم خدا خیرت بده، خیلی ممنونم.","1"
"واقعا پایین تر از سطح انتظارم بود.","-1"
"بعضی توضیحات خیلی کاربردی نبود ولی خب برای جمع بندی و توضیح کلی برنامه میتونست مفید باشه.","0"
"دقیق چیزی که می خواستم بود. بیان استاد عالی بود بیشتر علاقه مند می شدی.","1"
"آموزشی خوبی دارید در این حوزه، فقط لطفا آموزش مدیریت بازرگانی هم ارائه کنید.","0"
"یه کم گسترده بود این آموزش ولی من خیلی به این نوع تدریس اهمیت میدم چون با پروژه حل می شد.","1"
"تکمیل و کافی بود نکات و سرفصل ها عالی بودن به معلوماتم اضافه شد.","1"
"خوب بود، توضیحات کامل کامل نبود، برخی از بخش هایی که میخواستم خوب بود","0"
"اشکال هایی که داشتم برطرف شد ولی بهتر بود توضیح بهتری داشته باشند و وارد جزئیات بشند.","0"
"تسلط مدرس و فن بیان ایشون خیلی خوب بود. یک مقدار جزئیات بیشتر گفته می شد بهتر بود.","0"
"به نظرم خیلی خوبه اما اگر استاد چندتا پروژه محور صفر تا صد هم انجام بدن بهترین از بهترین میشه,","0"
"آموزش خیلی خوبی بود و کیفیت خیلی خوبی هم داشت.","1"
"باید بگم آموزششون خیلی کاربردی نبود، فقط در حد وارد کردن داده ها بود، مدرس از مهم ترین بخش مباحث به سادگی عبور کرد. ","-1"
"فرادرس کلا مجموعه خیلی خوبیه، مباحث رو کامل توضیح میده و فلابیس خوبی داشت.","1"
"من برای انجام پروژه ی دانشگاهم می خواستم، با اینکه جای دیگه کلاس رفتم، واقعا نکاتشون بدردم خورد. خیلی ممنونم.","1"
"مناسب و خوب بود ولی اگه اطلاعات کامل تری داشتند بهتر بود.","0"
"خیلی آموزش خوبی بود، کیفیت آموزش بالا بود و نکات بالایی داشت و از نظر صدا و تصویر و پاورپوینتی که ارائه شده بود خیلی کمک کننده بود.","1"
"توضیحات خلاصه و مفید و کاربردی بود بعضی از آموزش ها میرن تو توضیحات ریز و خسته کننده میشه اما این خسته کننده نبود نکات مهم رو میگفتند.","1"
"آموزش خوبی بود برای کسانی برای یادگیری بیشتر و گرفتن پروژه هستن به دردشون میخوره فقط اگه امکانش باشه این دوره ها به صورت مجزا بخشی برای تمرین داشته باشن خیلی خوب میشد","0"
"فقط ای کاش از فونت درشت تری استفاده شده بود. همچنین پس زمینه روشن خیلی بهتر هست و چشم رو خسته نمیکنه","0"
"خیلی سطحی و پیش پا افتاده بود این مطالب و حتی بهترش دائما داخل فضاهای مجازی  در حال پخش شدن هستند","-1"
"تند میگه","-1"
"کوتاه و مختصر و کاربردی... تمرکز چیزیه که این روزا خیلی بهش احتیاج داریم, ممنون از شما","0"
"بسیار ابتدایی!","-1"
"خیلی سپاسگزاریم از زحمات شما، بسیار عالی بود.","1"
"خدا خیرتون بده، دمتون گرم.","1"
"خوب بود. تمام آپشن های رو تدریس کرده بودند. فقط اگر جنبه علمی مثال ها رو افزایش بدهند بهتر می شود.","0"
"بهتره موسیقی ملایمی بلی بشه برا جلو گیری از خواب الودگی","0"
"این درس خیلی سنگینه تایم جلسات بالاس. ولی مطالب عالیه بهتر بود به جلسات کوتاه تر تقسیم بشه.","0"
"کیفیت اموزش خوب بود برای افراد مبتدی خیلی خوبه","0"
"خیلی خوب بود، خدا خیرتون بده. تو بیرون این آموزش ها زیر یه تومن نیست واقعا.","1"
"آموزش به نظرم یکم کند پیش می رفتو کمی از توضیحات اضافی بود.","-1"
"من ابتدای آموزشم و فکر می کنم خیلی توضیح میدن مقدمه رو مثلا میشد خیلی سریع تر گفت.","-1"
"آموزش خوب بود اما یادگیری این نرم افزار نیاز به انجام مثال ها وتمرینات متنوع دارد، تعداد مثال ها و تمرینات پایین بود","0"
"با عرض خسته نباشید خدمت مدرس محترم .خیلی عالی تدریس شده فقط  ای کاش پروژه محورهم روش کار می شد.","0"
"آموزش به طور کل خوب و مفید بود ولی مثال هایی که برای آموزش زده میشد میتونست خیلی بهتر باشه و آموزش ها روی پروژه ها یاد داده بشه","0"
"مثال های غیرواقعی و شکل هایی خیلی غیرمنطقی برای آموزش بود به طوری که میخواستند مثال بزنند مثال هایی بود که از قبل تمرین نشده بود","-1"
"توضیحات خوب بود ولی کاش یکم تمرینات بیشتری داشت.","0"
"سربرگ ها کامل نبود. رشته تخصصی هست. شاید برای من پیچیده بود.","-1"
"برای شرع خوبه .","0"
"چند قسمت اول رو دیدم و از قبل هم آشنایی نداشتم. آموزش خوبی بود. تشکر.","0"
"فوق العاده بود واقعا لذت بردم فقط اگه ممکنه چندتا آموزش پروژه محور هم اضافه کنید","0"
"قبلا یه آشنایی کمی داشتم، الان به صورت وسیع تر یاد گرفتم.","1"
"آموزش عالیه ولی بهتر از این هم میتونه بشه .مرسی از گروه فرادرس","0"
"تنها نقطه ضعف تدریس سرعت پایین ارایه بود","0"
"مطالب خوب بود. ولی ورژن خیلی قدیمی بود.","0"
"برای شروع خوب بود، مدرس خوب تدریس می کردند ولی نحوه کار نرم افزار رو زیاد توضیح نمی دادند.","-1"
"توضیحات مدرس در خصوص یک سری مباحث خیلی کم بود","-1"
"یک سری مباحث را توضیح ندادند و خیلی سریع رد کردن","-1"
"سرعت پایین تکلم و خواب آور بودن لحن مدرس، نقطه ضعف اصلی بود.","-1"
"بر خلاف نظر دوستان اصلا با این آموزش راحت نبودم و یادگیریش برام مشکل بود","-1"
"مدرس در بیان جزییات که البته شاید خیلی پیش پا افتاده هم باشد بسیار ضعیف هستند","-1"
"قدم به قدم و با جزئیات مطالب گفتن.","1"
"خیییییلی خوبه از ابتدایی ترین نقطه تا انتهایی ترین نقطه رو توضیح دادند مثال های زیادی هم زده شد.","1"
"خوب بود همه ی منوها رو توضیح می داد پروژه ای پیش میرفت و پروژه محور بود.","1"
"خوب بود، کاش فرادرس بتونه یه اپلیکیشنی رو هم درست کنه که بتونیم هر وقت دلمون میخواد به آموزشا دسترسی پیدا کنیم.","0"
"من واسه کار شخصیم این آموزشارو تهیه کردم، نه اینکه بخوام حرفه ای کار کنم، بیشتر برای اطلاعات شخصی میخواستم بدونم که به چه صورته.","0"
"نسبتا راضی بودم یک سری مباحث مد نظرم بود که در محتوا ارائه نشده بود در حالیکه می تونست ارائه بشه","0"
"راضی بودم، توضیحات داخل آموزش خوب بود فقط ورژن نرم افزاری که مدرس تدریس می کنند قدیمی هست اگر در سطح بالاتر هم ارائه بشه بهتر هست.","0"
"سلام مدرس خیلی کند و تکراری تدریس میکنن اصلا حوصله نمیکنی ببینی...","-1"
"دمتون گرم .عالی بود .فقط مثال کم حل شده .ولی تشکر می کنم از کارتون","0"
"جزییات را خوب توضیح داده بود و مطالبی که راجع به طراحی و .. بود را خوب گفته بودند.","1"
"آموزش کامل و دقیقی هست ولی به شدت خسته کننده است دلیلش هم آرام درس دادن استاد و توضیحات تکراری و بیش از اندازه ","0"
"این اموزش خیلی عالی بود اما مثل هر آموزش عالی دیگه یکسری نقاط ضعف داره","0"
"آموزش خوب بود فقط سرعت توضیح دادن بسیار پایین بود.","0"
"یک مجموعه عالی و کاملفقط دوتا ایراد هست که به نظرم بهتره در مجموعه های بعدی اصلاح بشه: .1 سرعت پایین آموزش 2.به روز نبودن ورژن آموزشی","0"
"اموزش در کل خیلی خوب بود اگه مرجعی برای حل مثال و پیدا کردن مثال های مفید و کار کردن روی اونا ارائه میشد خیلی بهتر میشد","0"
"یکسری ایرادات در این سری اموزش وجود داره که امیدوارم به فکر باشید","-1"
"به نظرم این آموزش یکی از بهترین آموزش هایی هست که در این سایت دیدم همه چیز کامل و عالی بود اما با این وجود به نظرم به شدت جا داشت مثال بیشتری حل بشه ","0"
"از نظر تسلط استاد بر مطالب به نظرم در حد عالی نبود ولی در کل خوب بود و نمیشه خرده گرفت","0"
"این فیلم آموزشی برای یادگیری و انجام طراحی هایم خوب و مفید بود. به نظرم کمی پیشرفته بود.","0"
"سلام آموزشی در سطح حرفه ای نبود و تقریبا میشه گفت مقدماتی","-1"
"متاسفانه فایل های آموزش کاملا نامرتب بود و برای تمرین من رو دچار مشکل می کرد. آموزش هم کاملا متوسط بود. به نظرم نظرات دوستان خیلی اغراق آمیزه!!","-1"
"مباحث خیلی پراکنده گفنه شد و مرتب نبود","-1"
"نیمی از آموزش رو دیدم و نسبتا رضایت داشتم. متوسط بود.","0"
"قسمت اول و دیدم. کیفیت صدا و تصاویر خوب بودند.","0"
"با وجود خوب بودن آموزش ولی ایراداتی هم داره1 فایل pdf نیاز داشت.2 سریع از برخی مسائل رد می شه. ","0"
"اون چیزی که میخواستم نبودم و خیلی دقیق نشده بودن رو یه سری از مسائل.","-1"
"من از جای دیگه همین آموزش رو تهیه کردم اما فایل pdf که داشت خوانا نبود و خیلی اذیت کننده بود اما فایل pdf این آموزش بسیار خوب و خوانا بود.","1"
"فایلهای دیتا که بر اساس آن، آموزش داده می شود در پکیج به صورت پراکنده و یا اصلا وجود ندارد ","-1"
"محتوا خیلی خوبی داشت و مدرس کاملا مسلط بودند ممنونم از فرادرس.","1"
"اطلاعات خوبی بهم اضافه کرد و خیلی خوب بود.","1"
"این آموزش خوب بود و باید وسیع تر باشد این آموزش.","0"
"یه بخش هایی دیدم کاربردی بود.اگر توضیحات یه مقدار کمتر باشه شاید خیلی خوب بشه یه وقت هایی واقعا کسل کننده میشه.","0"
"خیلی کاربردی بود ولی یک قسمت هایی از اموزش شما برای من نامفهوم بود بهتر بود توضیحات بیشتری می دادید","0"
"خوب بود. در حد اطلاعات عمومی خوب بود.","0"
"لطفا سعی کنید محتوای آموزش هارو تخصصی تر و کاملتر کنید ","-1"
"جهت آشنايی اوليه خوب هست ولی به نظرم جا داره کاربردی تر ارائه کنید.","0"
"پیشنهادی که دارم اینکه سعی کنید در آموزش ها از مثال ها و پروژهای بیشتری استفاده کنید","0"
"سطح آموزش از سطح دانشگاه واقعا بالاتر بود. من 1هفته قبل امتحانم خوندم نمره بسیار عالی گرفتم. 100 درصد پیشنهاد میشه.","1"
"در کل من از آموزش های که از فرادرس خریداری می کنم راضی هستم فقط پیشنهادی که داشتم این هست که ترکیب بندی رنگی متنوع تری استفاده شود","0"
"استاد عزیز، خیلی زیاد صحبت میکنه.اگه کوتاه تر و مفیدتر بگه بسیار سودمندتره، ولی ایشون انگار ملاکش طولانی بودن ویدیوست. ","-1"
"از اول خیلی خوب شروع کردند. مطالب php رو خیلی خوب توضیح دادن. نکات خیلی خوبی داشت.","1"
"هر چقدر تو این حرفه از مدرس های حرفه ای تر استفاده کنید تو کارتون موفق ترید. این آموزش میتونست بهتر بشه.","-1"
"نسبت به قیمتش عالی بود، مطالب تکراری داشت ولی مطالب جدید هم کم نداشت در کل خوب بود.","0"
"خیلی چیزا رو نمیدونستم که بعد این دوره راجب خودم متوجه شدم.","1"
"نکته های طلایی زیاد داشت ولی اگز یکم عمیق میشدن رو مسائل خیلی بهتر می شد.","0"
"مدت زمان دوره می تونست کمتر باشه و مطالب مختصر و مفید تر بیان بشه چون دوره بیشتر حالت معرفی کلی داره.","-1"
"دوره کاربردی و خوبی بود ممنون بابت به اشتراک گذاشتن این دوره.","1"
"1 ساعت برای معرفی 3تا سایت خیلی زیاد بود می تونست تو زمان کوتاه تر با نکات کلیدی تر بیان بشه","-1"
"آموزش مقدماتی و مطالب اولیه تا حدودی کاربردی هستن.امیدوارم مطالب پیشرفته تری و تخصصی تری در این مورد روی سایت ارائه یشه.","0"
"اطلاعات جامعی بهم نداد، البته آموزش هم در سطح مقدماتی هست. یه سری سوالات تو ذهنم بود که با دیدنش برطرف شد. در کل بد نبود.","-1"
"به نظرم خوب نبود.","-1"
"دوره خوب و پر محتوایی بود ولی نقصی که داشت روش تبدیل ریال به تتر وارز دیجیتال در مباحث نبود","0"
"خیلی خوبه ولی باید آموزش ارتقا پیدا کنند.","0"
"به نظر من اگه پروژه محورتر ارائه کنید بهتر میشد.","-1"
"خیلی تند تدریس میکنن ک باعث جا نیفتادن مطلب میشه و خرید این محصول رو پیشنهاد نمیکنم","-1"
"آموزش یک مقدار برای سطح تکمیلی مطالب کمتری رو داشت و جای پیشرفت به نظرم داره.","-1"
"بیان و ارائه مدرس خوب هست اما موردی که وجود داره اینکه سعی کنید محتوای آموزش ها به روز و کامل کنید تا زمانی که شروع به یادگیری می کنیم خیلی نیاز نباشه سراغ منابع دیگه بریم.","-1"
"امیدوارم در این زمینه آموزش های تکمیلی تر و به روز تری ارائه کنید.","-1"
"یک نقد دارم راجع به ویدیو های فرادرس، اساتید تدریس رو خیلی طولش میدند در حالیکه همون مطالب رو میشه تو زمان کمتری هم گفت.","-1"
"به نظرم این آموزش رو در سطح بالاتر ارائه کنی","-1"
"به نظرم برای سطح های متوسط به بالا ،اصلا جالب و گیرا نیست ، ولی برای سطح های ابتدایی خوبه","-1"
"خیلی خلاصه هست و تمرین خیلی کمی داره برای مرور خوبه مثلا","-1"
"اصلا از ابتدا و پایه نیست","-1"
"تا آخر ندیدم، نه فقط سایت فرادرس بلکه مشکل عمده ی تمام سایت های دیگه هم همینه که آموزش ها رو پروژه محور ارائه نمیکنن.","-1"
"نقطه ضعف این آموزش عملی نکردن یک پروژه واحد و پیشرفت ندادن آن بود","-1"
"قیمت این آموزش نسبت به آموزش های دیگر فرادرس بالا است ","-1"
"هیچ کم و کسری ندیدم","1"
"پایین تر از سطح انتظار","-1"
"خیلی سطحی و خلاصه بود. اصلا به درد نخورد و بیخود ام وقتتون رو نگیرید.","-1"
"به نظرم آموزش قوی بود و کاملا به زبان ساده مطلب رو بیان کردن","1"
"فیلم ها در هر جلسه بالغ بر ۱ ساعت هست و این اذیت کننده هست اگر هر قسمت ۱۰ تا ۱۵ بود جالب تر میشد","-1"
"خیلی خوب و در عین کوتاه بودن جامع هم بود.","1"
"یه کم پروژه محورتر و عملی تر ارائه کنید بهتر میشد.","-1"
"بسیارعالی وحرفه ائی تدریس نمودن. پیشنهاد100%به همه علاقه مندان","1"
"اگر فقط ویس نبود و همراه فایل نمایشی بود من بیشتر می تونستم ارتباط بگیرم.","-1"
" کار بینظیر، حرفه ای و کاملی بود. اینقدر جذاب بود واسم که در مدت زمان اندکی همه رو مشق نظری کردم و تمرینات عملی رو شروع میکنم. به دوستانم هم معرفی کردم ","1"
"به نظرم آموزش متلب نیاز داره که پروژه محورتر ارائه بشود.","-1"
"عالی توضیح میدن.من خیلی از این آموزش ها رو سپری کردم اما هیچ کدوم به این جذابیت نبوده","1"
"اگر ویدیو ها کوتاه تر میبود و همراه مثال بهتر میشد.","-1"
"ممنون از اینکه تمام نکات رو ریز به ریز با زبان ساده توضیح دادید.","1"
"در زمینه تنبلی مباحث در گوگل زیاد هست اما دستو پا شکسته اس یعنی مباحث و آموزش ها کامل نیست","-1"
"من اطلاعات زیادی کسب کردم واقعا ممنونم.","1"
"آموزش نیست معرفی آموزشه","-1"
"ممکنه کسی که پیش زمینه نداشته باشه این آموزش براش مشکل ایجاد کنه","-1"
"سلام واقعا این برنامه ها برای داده کاوی بسیار مفید هستند.ممنون از قرار دادن این اموزش ها.","1"
"نصفشو دیدم. راستش من حرفه ای تر هستم و این بیشتر تئوری وار بود.","-1"
"بنظر من تمامی مباحثی که تدریس کردند کاربردی و عالی بود.","1"
"یه مقدار به نظر من کامل نبود و جای بهتر شدن داشت.","-1"
"خیلی خوب بود. کلا نحوه بیان تدریس قابل فهم بود و تمام جزئیات گفته شده بود.","1"
"شک و ماشینی توضیح میدادن و به نظر من توضیحات ایشون بیشتر رسمی و رباتی هست.","-1"
"واقعا انتظار داشتم که در همین سطح باشه چون کارتون همیشه خوب بوده و ارزشمند. تشکر بابت بیان عالی مدرس.","1"
"به نظرم ایشان بایستی کمی در بیان مطالب گیرایی لازم رو ایجاد کنند تا به عنوان یک مدرسخیلی خوب جایگاه خودشون رو پیدا کنند.","-1"
"کاملا از 0 شروع به تدریس شده و بود و برای استفاده در سطح مقدماتی واقعا خوبه این آموزش.","1"
"مثال هاش کم بود و محاسبات رو خیلی سریع و گذرا رد میشدن","-1"
"یه کم مسائل رو سریع میگن یعنی اینطور حس کردم که یه سری جاها رو سریع رد میشن و یه کم هم مطالب رو بعضی جاها زیادی دیگه طولانیش میکنن.","-1"
"نسبت به قیمتی که داره خوبه، ولی بهتره پوشش دهی بالاتری داشته باشه.","0"
"لهجه مدرس تا حدودی آدمو به هم میریزه و نحوه تشریح و حل مسائل هم آنقدرا قابل قبول نیست.","-1"
"آموزش خوبی بود اما تدریس مدرس کمی سریع بود .","0"
"این مبحث اموزشی اصلا به درد کسی که صفر هست نمی خوره و انگار که ما کامل همه چی رو بلدیم و ایشون می خواد اشکالات مارو برطرف کنه","-1"
"اگر در اول مباحث روی مفاهیم کارکنند بعد وارد نرم افزار شوند بهتر می شود ولی در کل آموزش خوبی بود.","0"
"مناسب نیست اصلا برای مبتدیان پیشنهاد نمیدم","-1"
"مقدماتیش خیلی برام جذاب نبود و محتواش اونی نبود که من میخواستم اما روش تدریس متناسب بود.","0"
"من کاملا ناامید و خسته شدم و کنار گذاشتمش","-1"
"بسیار اموزش خوب و کاربردی بود. فقط در برخی از قسمت های درس استاد تعریف هارو کتابی میگفتن بهتر بود واضح تر اون بخش ها رو توضیح بدن","0"
"برای من گنگ بود و متاسفانه نتونستم با این آموزش پیش برم","-1"
"جزئیات تخصصی نبود. ولی نسبت به قیمت خوب بود. اگر پیش زمینه داشته باشیم آموزش خوبیه.","0"
"خیلی خوب بود، هزینه های خیلی مناسبی دارند که باعث شده تمام آموزش ها را بتوانم بخرم.","1"
"عالی بود. یک مقدار پراکنده بود. ولی روش خوبی داشت.","0"
"خیلی خوب بود. کلا نحوه بیان تدریس قابل فهم بود و تمام جزئیات گفته شده بود.","1"
"خوب بود ولی کاش کتاب دیکشنری آلمانی به فارسی مناسب معرفی می کردند","0"
"سلام. تدریس عالیه، فقط اگه فایل صوتی این کتاب روهم بگذارید که بشه هرمتن و یکپارچه و چندباره گوش داد. خیلی خوب میشه!","0"
"باید خیلی مختصرتر توضیح حجم مطالب گفته شده در حد نهایتا 4 ساعت بود.","-1"
"توی این آموزش نکته های کلیدی زبان گفته شده فقط یه نقدی که هست کامل و جمع و جور نیست ولی در کل خوبه","0"
"سلام با اینکه روند آموزش میتونست بهتر و جامع تر باشه... برای کسانی که اطلاعاتشون بسیار کم هست واقعا مفیده . با این هزینه بهتر از این آموزش رو سراغ ندارم.","1"
"خیلی خوب بود فقط کاشکی کیفیت صدا را بالا میبردید صدای بدی داشت ویدیو","0"
"ترم قبلی این درس را داشتم که با این آموزش خیلی خوب یاد گرفتم.","1"
"من قبلا کار کرده بودم این آموزش هم بیشتر برای ریدینگ و لیسینیگ خوب بود و اگر مکالمه هم در آموزش کار بشه بهتر خواهد بود.","0"
"قسمت کوئری ها رو کاملا توضیح داده بودن و کارم رو راه انداخت. خیلی خوب بود.","1"
"به نظرم لازم بود توضيحات بيشتری ارائه کنند ولی به صورت کلی محتوا خوب ارائه شده بود.","0"
"برای اشخاصی که هيچ پيش زمينه ايی ندارن، اين آموزش رو پيشنهاد می کنم. محتوای خوبی داره.","1"